ID,Title,Location,Summary
https://www.saramin.co.kr/zf_user/jobs/relay/view?isMypage=no&rec_idx=44776096,"웹프로그래밍 & 앱개발자 모집( JAVASCRIPT , JAVA , 파이썬 등)",대전서구,"Java, C++, Javascript, Spring, 사단법인 수정일 23/01/12"
https://www.saramin.co.kr/zf_user/jobs/relay/view?isMypage=no&rec_idx=44435815,Python 개발자,경기전체,"Python, Java, 웹개발, Linux, 백엔드/서버개발 외 수정일 22/12/26"
https://www.saramin.co.kr/zf_user/jobs/relay/view?isMypage=no&rec_idx=44330028,[휴레이] 파이썬 백엔드 개발자 (Python Backend Engineer),서울전체,"Python, Java, AWS, 웹개발, Linux 외 등록일 22/11/01"
https://www.saramin.co.kr/zf_user/jobs/relay/view?isMypage=no&rec_idx=44892597,"[선릉역] 신호처리(석박사급,MatLab,Python)",서울강남구,"Python, 데이터분석가, 데이터분석, 알고리즘, Matlab 외 수정일 23/01/23"
https://www.saramin.co.kr/zf_user/jobs/relay/view?isMypage=no&rec_idx=44893363,Python 백엔드 개발자,서울강남구,"Python, AWS, 백엔드/서버개발, Nginx, Django 외 수정일 23/01/23"
https://www.saramin.co.kr/zf_user/jobs/relay/view?isMypage=no&rec_idx=44886681,[JAVA SM 을지로] OO카드 백오피스 개발/운영 Python 장기 (1),서울중구,"Python, Java, 클라우드, SI·시스템통합, 솔루션업체 외 등록일 23/01/20"
https://www.saramin.co.kr/zf_user/jobs/relay/view?isMypage=no&rec_idx=44892659,"[송파구] 데이터분석(Python,R,모델,ML)",서울송파구,"Python, 머신러닝, 빅데이터, 데이터분석가, 데이터마이닝 외 등록일 23/01/21"
https://www.saramin.co.kr/zf_user/jobs/relay/view?isMypage=no&rec_idx=44718796,[바이브컴퍼니] 파이썬 개발자 모집(신입),서울용산구,"Python, 웹개발, Linux, 백엔드/서버개발, 머신러닝 외 수정일 22/12/27"
https://www.saramin.co.kr/zf_user/jobs/relay/view?isMypage=no&rec_idx=43019654,Python/Django 백엔드 개발자 (2년 이상),서울전체,"Python, AWS, 웹개발, 백엔드/서버개발, SE(시스템엔지니어) 외 등록일 22/05/11"
https://www.saramin.co.kr/zf_user/jobs/relay/view?isMypage=no&rec_idx=44802187,파이썬 엔지니어 채용(데이터 프로세싱),서울강남구,"Python, Linux, 프론트엔드, SQL, XML 외 등록일 23/01/08"
https://www.saramin.co.kr/zf_user/jobs/relay/view?isMypage=no&rec_idx=44561284,백엔드 엔지니어 모집(Python/Javascript),서울영등포구,"Python, 머신러닝, 빅데이터, 클라우드, AI(인공지능) 외 등록일 22/12/02"
https://www.saramin.co.kr/zf_user/jobs/relay/view?isMypage=no&rec_idx=44891156,"솔루션 개발/Go, Python/인프라 솔루션 기업",서울구로구,"Python, 빅데이터, 솔루션, ElasticStack, GoLang 외 등록일 23/01/20"
https://www.saramin.co.kr/zf_user/jobs/relay/view?isMypage=no&rec_idx=44767744,파이썬 개발 신입 및 경력 채용,서울마포구,"Python, 빅데이터, 데이터분석가, 솔루션, DW 외 수정일 23/01/03"
https://www.saramin.co.kr/zf_user/jobs/relay/view?isMypage=no&rec_idx=44661306,"자료구조, 알고리즘 강사 채용 (C언어, PYTHON) (경력무관)",서울양천구,"코딩, 알고리즘강의, IT학원 수정일 22/12/17"
https://www.saramin.co.kr/zf_user/jobs/relay/view?isMypage=no&rec_idx=44663266,"PYTHON,JSP 프론트엔드 개발자 정규/계약 (신입/경력)",서울강서구,"Python, Ajax, Bootstrap, CSS, Django 외 등록일 22/12/18"
https://www.saramin.co.kr/zf_user/jobs/relay/view?isMypage=no&rec_idx=44552252,백엔드 개발자 (Python),서울전체,"Python, AWS, 웹개발, 백엔드/서버개발, 프론트엔드 외 수정일 22/12/01"
https://www.saramin.co.kr/zf_user/jobs/relay/view?isMypage=no&rec_idx=44766601,기흥 S반도체 SDK운영 - Python,경기용인시 기흥구,"Python, IT·통신기기판매 수정일 23/01/16"
https://www.saramin.co.kr/zf_user/jobs/relay/view?isMypage=no&rec_idx=44835668,"웹 개발자구인(php, java&jsp, python)",충남천안시 서북구,"Python, Java, AWS, JSP, PHP 외 수정일 23/01/12"
https://www.saramin.co.kr/zf_user/jobs/relay/view?isMypage=no&rec_idx=44596688,[배달로봇/자율자동차] 펌웨어 및 SW개발 엔지니어 C++ /Python,경기성남시 수정구,"Python, C++, 임베디드, S/W, C# 외 수정일 23/01/21"
https://www.saramin.co.kr/zf_user/jobs/relay/view?isMypage=no&rec_idx=44798577,"AI 개발자(python, django 유경험자) 모집",부산사상구,"Python, AI(인공지능), Django, SI·시스템통합, ERP 외 수정일 23/01/09"
https://www.saramin.co.kr/zf_user/jobs/relay/view?isMypage=no&rec_idx=44882811,"백엔드(Python, Node.JS, Nest.Js) 개발자 채용 공고",서울송파구,"Python, AWS, 백엔드/서버개발, Node.js, 모델링 외 수정일 23/01/19"
https://www.saramin.co.kr/zf_user/jobs/relay/view?isMypage=no&rec_idx=44531589,[팀장급]개발자(PHP/Python/MySQL등) 모집,서울종로구,"Python, 웹개발, 백엔드/서버개발, API, Git 외 등록일 22/11/29"
https://www.saramin.co.kr/zf_user/jobs/relay/view?isMypage=no&rec_idx=44835012,2023년 상반기 Java/C++/Python 개발자 부문별 채용,경기용인시 기흥구,"Python, Java, C++, Linux, SI개발 외 등록일 23/01/12"
https://www.saramin.co.kr/zf_user/jobs/relay/view?isMypage=no&rec_idx=44661303,"머신비전 개발자 , C/C++/C#, OpenCV, MIL, PYTHON",경기용인시 기흥구,"Python, C++, 머신러닝, 빅데이터, S/W 외 수정일 23/01/16"
https://www.saramin.co.kr/zf_user/jobs/relay/view?isMypage=no&rec_idx=44766595,"동탄 더베터 개발자 모집 (node.js, Python)",경기화성시,"Python, 머신러닝, 빅데이터, 알고리즘, Node.js 외 등록일 23/01/03"
https://www.saramin.co.kr/zf_user/jobs/relay/view?isMypage=no&rec_idx=44853540,[경력] 백엔드 개발자 2년차 이상 채용 모집 (Python/Django),서울금천구,"Python, AWS, 백엔드/서버개발, 빅데이터, 클라우드 외 등록일 23/01/16"
https://www.saramin.co.kr/zf_user/jobs/relay/view?isMypage=no&rec_idx=44705940,Vision/MFC/C# Python Tensorflow CUDA yolo v5 개발직,충남천안시 동남구,"Python, C++, S/W, C#, VisualC·C++ 외 등록일 22/12/24"
https://www.saramin.co.kr/zf_user/jobs/relay/view?isMypage=no&rec_idx=41895007,Python 백엔드 개발자,서울전체,"Python, AWS, 웹개발, 백엔드/서버개발, 프론트엔드 외 수정일 21/12/20"
https://www.saramin.co.kr/zf_user/jobs/relay/view?isMypage=no&rec_idx=44810067,임베디드 SW 개발자 채용 [C++/python],광주북구,"Python, C++, Linux, 임베디드, H/W 외 등록일 23/01/09"
https://www.saramin.co.kr/zf_user/jobs/relay/view?isMypage=no&rec_idx=44865437,[ 개발자 에듀테크 기업 ] 백엔드 (Python) [정규직],서울서초구,"Python, 백엔드/서버개발, API, SQL, WebRTC 외 등록일 23/01/17"
https://www.saramin.co.kr/zf_user/jobs/relay/view?isMypage=no&rec_idx=44549878,Python 백엔드 개발자(경력),서울전체,"Python, Java, AWS, 웹개발, 백엔드/서버개발 외 수정일 23/01/19"
https://www.saramin.co.kr/zf_user/jobs/relay/view?isMypage=no&rec_idx=44792191,[제이어스] AI/머신러닝/딥러닝/C/C++/Python 개발자모집(부산),부산사상구,"Python, Java, C++, Linux, 백엔드/서버개발 외 수정일 23/01/09"
https://www.saramin.co.kr/zf_user/jobs/relay/view?isMypage=no&rec_idx=43919131,Sr. Back-end Engineer (Python),서울전체,"Python, Java, C++, 웹개발, 백엔드/서버개발 외 수정일 23/01/18"
https://www.saramin.co.kr/zf_user/jobs/relay/view?isMypage=no&rec_idx=44868364,[경력무관] Python 개발자 정규직 모집,서울서초구,"Python, 알고리즘, 소프트웨어개발 등록일 23/01/17"
https://www.saramin.co.kr/zf_user/jobs/relay/view?isMypage=no&rec_idx=40925974,"웹개발 경력자 채용 (Python Django, 연봉 업계 최고)",서울전체,"Python, 웹개발, 백엔드/서버개발, 클라우드, 핀테크 외 수정일 21/08/23"
https://www.saramin.co.kr/zf_user/jobs/relay/view?isMypage=no&rec_idx=44768051,[경력] 서버 엔지니어 (Python),서울전체,"Python, AWS, 웹개발, 백엔드/서버개발, 클라우드 외 수정일 23/01/17"
https://www.saramin.co.kr/zf_user/jobs/relay/view?isMypage=no&rec_idx=44779668,"응용프로그램개발(Windows, C/C++, C#, Python 外 2개 부문)채용",부산금정구,"Python, C++, 머신러닝, 빅데이터, 앱개발 외 수정일 23/01/04"
https://www.saramin.co.kr/zf_user/jobs/relay/view?isMypage=no&rec_idx=44892589,"[선릉역] 데이터분석(석박사,Matlab,Python)",서울강남구,"Python, 데이터분석가, 데이터분석, Matlab, 전자 외 등록일 23/01/21"
https://www.saramin.co.kr/zf_user/jobs/relay/view?isMypage=no&rec_idx=44876790,파이썬 Python / PHP 개발자 정규직 채용 (경력자우대),부산해운대구,"Python, AWS, 백엔드/서버개발, 그누보드, Ajax 외 등록일 23/01/18"
https://www.saramin.co.kr/zf_user/jobs/relay/view?isMypage=no&rec_idx=43750042,"(주)바이오커넥트 - [신입 및 경력] 영상처리 알고리즘 개발(Python,딥러닝)",서울전체,"Python, 머신러닝, 빅데이터, 데이터분석가, 딥러닝 외 수정일 22/12/26"
https://www.saramin.co.kr/zf_user/jobs/relay/view?isMypage=no&rec_idx=44778479,데이터엔지니어 & 분석가 신입 및 경력직 채용,서울강남구,"머신러닝, 빅데이터, 클라우드, 데이터분석가, 데이터엔지니어 외 등록일 23/01/04"
https://www.saramin.co.kr/zf_user/jobs/relay/view?isMypage=no&rec_idx=44773559,AI소프트웨어 및 웹 개발 신입 및 경력 채용,경기성남시 분당구,"Python, Java, C++, AWS, 웹개발 외 수정일 23/01/05"
https://www.saramin.co.kr/zf_user/jobs/relay/view?isMypage=no&rec_idx=44550559,[쿠팡이츠서비스] 기획 담당자 및 데이터분석 담당자 경력 채용,서울강남구,"데이터분석가, 데이터분석, R, 기획, 유통업 수정일 23/01/17"
https://www.saramin.co.kr/zf_user/jobs/relay/view?isMypage=no&rec_idx=44860316,인공지능 / 머신러닝 알고리즘 개발자 채용,경남양산시,"Python, 머신러닝, 기술지원, 데이터분석가, 데이터엔지니어 외 수정일 23/01/16"
https://www.saramin.co.kr/zf_user/jobs/relay/view?isMypage=no&rec_idx=44771114,상반기 인공지능AI(교육/개발/영업/마케팅/컨설팅) 인재 채용,서울영등포구,"Python, AWS, 머신러닝, 빅데이터, 클라우드 외 수정일 23/01/06"
https://www.saramin.co.kr/zf_user/jobs/relay/view?isMypage=no&rec_idx=44659065,[패스오더] 급성장중인 스타트업 '데브옵스 엔지니어' 채용,서울강남구,"Python, Java, AWS, 웹개발, 백엔드/서버개발 외 수정일 23/01/19"
https://www.saramin.co.kr/zf_user/jobs/relay/view?isMypage=no&rec_idx=44851238,Cloud사업본부 내 각 분야 개발자 및 구축/운영 담당자 모집,서울서초구,"Python, Java, AWS, 웹개발, Linux 외 등록일 23/01/16"
https://www.saramin.co.kr/zf_user/jobs/relay/view?isMypage=no&rec_idx=44864002,IT 개발자 채용 ( 정규직 / 프리랜서 ),서울강남구,"Python, Java, 웹개발, 백엔드/서버개발, 앱개발 외 등록일 23/01/17"
https://www.saramin.co.kr/zf_user/jobs/relay/view?isMypage=no&rec_idx=44683033,국성인터내셔널(주) 직군별 신입/경력 채용,경기화성시,"Python, C++, 솔루션, C#, VisualC·C++ 외 수정일 23/01/19"
https://www.saramin.co.kr/zf_user/jobs/relay/view?isMypage=no&rec_idx=44880170,[NC 자회사] ㈜NC ITS 업무시스템 개발 인원 채용,경기성남시 분당구,"Python, Java, 웹개발, Linux, 백엔드/서버개발 외 수정일 23/01/19"
https://www.saramin.co.kr/zf_user/jobs/relay/view?isMypage=no&rec_idx=44670537,[부산본사] JAVA 웹개발자 채용 공고,부산해운대구,"Python, Java, C++, 웹개발, 백엔드/서버개발 외 등록일 22/12/19"
https://www.saramin.co.kr/zf_user/jobs/relay/view?isMypage=no&rec_idx=44825269,상반기 각 부문 신입 및 경력 모집,경기성남시,"Python, Java, C++, AWS, 웹개발 외 수정일 23/01/12"
https://www.saramin.co.kr/zf_user/jobs/relay/view?isMypage=no&rec_idx=44687511,라이브커머스 구축 프로젝트 인턴 채용 (정규직 전환 가능),서울강남구,"Python, Java, AWS, 웹개발, 백엔드/서버개발 외 수정일 23/01/11"
https://www.saramin.co.kr/zf_user/jobs/relay/view?isMypage=no&rec_idx=44818192,기술본부 신입 및 경력 채용,서울구로구,"Python, Java, C++, 웹개발, Linux 외 수정일 23/01/11"
https://www.saramin.co.kr/zf_user/jobs/relay/view?isMypage=no&rec_idx=44564380,[주3일/유연/IT]기획/백엔드/프론트/퍼블리싱/디자인/영업 채용,서울강서구,"Python, Java, 웹개발, 백엔드/서버개발, 앱개발 외 수정일 23/01/02"
https://www.saramin.co.kr/zf_user/jobs/relay/view?isMypage=no&rec_idx=44756560,[한국신용데이터] 부문별 수시채용 모음,서울강남구,"Python, AWS, 웹개발, Linux, 기술지원 외 수정일 23/01/02"
https://www.saramin.co.kr/zf_user/jobs/relay/view?isMypage=no&rec_idx=44733251,JAVA / ORACLE / SPRING 개발자 모집 (신입·경력),서울금천구,"Python, Java, 웹개발, 데이터시각화, 솔루션 외 등록일 22/12/29"
https://www.saramin.co.kr/zf_user/jobs/relay/view?isMypage=no&rec_idx=44849883,[여의도/본사] 현대카드 데이터분석/SQL 담당 채용,서울영등포구,"Python, Java, C++, 빅데이터, 기술지원 외 등록일 23/01/14"
https://www.saramin.co.kr/zf_user/jobs/relay/view?isMypage=no&rec_idx=44867633,시스템 엔지니어 신입 및 경력 모집,서울강남구,"Python, Java, C++, AWS, 웹개발 외 수정일 23/01/17"
https://www.saramin.co.kr/zf_user/jobs/relay/view?isMypage=no&rec_idx=44770982,"[면접비 지급] 검사 소프트웨어 개발자, 검사운영자 영입",경기화성시,"Python, Java, C++, 머신러닝, 유지보수 외 등록일 23/01/03"
https://www.saramin.co.kr/zf_user/jobs/relay/view?isMypage=no&rec_idx=44856783,JAVA 개발자/프로젝트 매니저(PM) 채용,서울금천구,"Python, Java, C++, 웹개발, 백엔드/서버개발 외 수정일 23/01/16"
https://www.saramin.co.kr/zf_user/jobs/relay/view?isMypage=no&rec_idx=44853593,웹 개발자 (백엔드 / 프론트엔드 각 분야) [서울/울산],서울영등포구,"Python, 웹개발, 백엔드/서버개발, 빅데이터, 클라우드 외 등록일 23/01/16"
https://www.saramin.co.kr/zf_user/jobs/relay/view?isMypage=no&rec_idx=44572395,[바램시스템] 2023년 연구소 신입/경력 정규직 사원 모집,대전유성구,"Python, C++, 미들웨어, 임베디드, 정보통신 외 수정일 22/12/16"
https://www.saramin.co.kr/zf_user/jobs/relay/view?isMypage=no&rec_idx=44761292,"IT개발·데이터(데이터분석가, 모델링 외 ) 채용 공고- 신입/경",서울강남구,"Python, 머신러닝, 빅데이터, 데이터분석가, 데이터엔지니어 외 등록일 23/01/03"
https://www.saramin.co.kr/zf_user/jobs/relay/view?isMypage=no&rec_idx=44835244,"금융 IT 직무 신입 / 경력 및 영업, 컨설팅, 사업관리 모집",서울구로구,"Python, Java, 웹개발, 백엔드/서버개발, 클라우드 외 수정일 23/01/12"
https://www.saramin.co.kr/zf_user/jobs/relay/view?isMypage=no&rec_idx=44808500,2023 상반기 개발자 공채 모집합니다(신입/경력),경기부천시,"Python, Java, C++, 웹개발, Linux 외 수정일 23/01/18"
https://www.saramin.co.kr/zf_user/jobs/relay/view?isMypage=no&rec_idx=44752169,HR-Tech 스타트업 : 파이낸스/부동산 교육 콘텐츠(HRD) 기획,서울강남구,"Python, AI(인공지능), R, SQL, 재무회계 외 등록일 23/01/02"
https://www.saramin.co.kr/zf_user/jobs/relay/view?isMypage=no&rec_idx=44751967,HR-Tech 스타트업 : 데이터 사이언스 교육 콘텐츠(HRD) 기획 PM,서울강남구,"Python, 머신러닝, 빅데이터, 데이터분석가, 데이터엔지니어 외 수정일 23/01/02"
https://www.saramin.co.kr/zf_user/jobs/relay/view?isMypage=no&rec_idx=44631446,[더블다운인터액티브] 2022 대규모 채용,서울강남구,"Python, Java, C++, 웹개발, Linux 외 등록일 22/12/13"
https://www.saramin.co.kr/zf_user/jobs/relay/view?isMypage=no&rec_idx=44748869,"SW 개발자 채용 (백/프론트엔드, AR/VR, 데이터분석)",서울강남구,"Python, Java, 웹개발, 백엔드/서버개발, 머신러닝 외 등록일 23/01/02"
https://www.saramin.co.kr/zf_user/jobs/relay/view?isMypage=no&rec_idx=44865744,"[대전]리튬팩 전문기업 사원 모집(R&D-HW,FW,기구설계,과제)",대전유성구,"Python, Java, C++, Linux, 백엔드/서버개발 외 수정일 23/01/20"
https://www.saramin.co.kr/zf_user/jobs/relay/view?isMypage=no&rec_idx=44861861,10대 대기업 계열 IT사 경력채용,서울동대문구,"Python, Java, C++, 백엔드/서버개발, 머신러닝 외 등록일 23/01/17"
https://www.saramin.co.kr/zf_user/jobs/relay/view?isMypage=no&rec_idx=44833520,"[020플랫폼] 인프라/보안운영, 백엔드, 프론트엔드, 어플리케이션 개발자 모집",서울서초구,"AWS, 웹개발, 백엔드/서버개발, 클라우드, 데이터엔지니어 외 수정일 23/01/16"
https://www.saramin.co.kr/zf_user/jobs/relay/view?isMypage=no&rec_idx=44708538,프론트엔드/백엔드 앱/웹 JAVA PHP 클라우드 서비스 개발자 모집,경기성남시 분당구,"Python, Java, AWS, 웹개발, Linux 외 등록일 22/12/26"
https://www.saramin.co.kr/zf_user/jobs/relay/view?isMypage=no&rec_idx=44747223,[블록체인] 백엔드 개발자,서울강남구,"Python, Java, C++, AWS, 웹개발 외 수정일 23/01/08"
https://www.saramin.co.kr/zf_user/jobs/relay/view?isMypage=no&rec_idx=44671055,[Coupang]Instock Management(Service Excellence Data Analysis,서울송파구,"SQL, BA, 전자상거래, B2B, B2C 외 등록일 22/12/19"
https://www.saramin.co.kr/zf_user/jobs/relay/view?isMypage=no&rec_idx=44858230,(주)더캐리 정보혁신부 IT부문별 공개채용,서울용산구,"Java, C++, 웹개발, 백엔드/서버개발, 앱개발 외 등록일 23/01/16"
https://www.saramin.co.kr/zf_user/jobs/relay/view?isMypage=no&rec_idx=44540041,공공사업 프로젝트 데이터 수행 PM 채용,서울서초구,"머신러닝, 데이터분석가, 데이터라벨링, AI(인공지능), MySQL 외 수정일 23/01/13"
https://www.saramin.co.kr/zf_user/jobs/relay/view?isMypage=no&rec_idx=44855919,[미래유니콘] 백엔드 웹 UI/UX디자인 빅데이터 23년 상반기 채용,서울강남구,"Python, 백엔드/서버개발, 빅데이터, 데이터분석가, API 외 수정일 23/01/19"
https://www.saramin.co.kr/zf_user/jobs/relay/view?isMypage=no&rec_idx=44825700,[티빙] 개발부문 경력채용,서울마포구,"Java, 웹개발, 백엔드/서버개발, 머신러닝, 빅데이터 외 수정일 23/01/19"
https://www.saramin.co.kr/zf_user/jobs/relay/view?isMypage=no&rec_idx=44226999,(주)월덱스 각 부문 신입/경력 공개채용,경북구미시,"반도체, 보안컨설팅, 정보보안, SE(시스템엔지니어), 정보통신 외 수정일 23/01/16"
https://www.saramin.co.kr/zf_user/jobs/relay/view?isMypage=no&rec_idx=44752708,[SK시그넷] 각 부문 별 신입/경력직 모집,서울영등포구,"전기, 전기설비, 전자, 기술지원, 데이터분석가 외 수정일 23/01/20"
https://www.saramin.co.kr/zf_user/jobs/relay/view?isMypage=no&rec_idx=44832556,포스코MC머티리얼즈 채용,전남광양시,"석유화학, 화학, 화공, 기술지원, 데이터분석가 외 수정일 23/01/13"
https://www.saramin.co.kr/zf_user/jobs/relay/view?isMypage=no&rec_idx=44827083,하이트진로음료㈜ 각 부문 신입 및 경력채용,경기용인시,"음식료, 식음료, 공인회계사, 전산회계, 회계사 외 수정일 23/01/13"
https://www.saramin.co.kr/zf_user/jobs/relay/view?isMypage=no&rec_idx=44719194,2023년 1월 국내 및 해외 전부문 수시 채용,충남천안시 동남구,"기술지원, 데이터분석가, 데이터엔지니어, 백엔드/서버개발, 앱개발 외 수정일 23/01/18"
https://www.saramin.co.kr/zf_user/jobs/relay/view?isMypage=no&rec_idx=44844414,2023년 오스템임플란트 각 부문 정규직 채용,서울강서구,"의료·보건, 바이오, 기술지원, 데이터분석가, 데이터엔지니어 외 수정일 23/01/18"
https://www.saramin.co.kr/zf_user/jobs/relay/view?isMypage=no&rec_idx=44803740,사세확장으로 인한 각부서별 정규직 채용,경기김포시,"네트웍구축, 통신, 모바일, 전산회계, 4대보험 외 수정일 23/01/16"
https://www.saramin.co.kr/zf_user/jobs/relay/view?isMypage=no&rec_idx=44883392,모트라스(주) 안양공장 생산정규직 모집,경기안양시 만안구,"자동차부품, 조립, 생산관리, 생산, 조립 수정일 23/01/19"
https://www.saramin.co.kr/zf_user/jobs/relay/view?isMypage=no&rec_idx=44825924,2023년도 상반기 정기채용(경력/신입) 모집 공고,경기성남시 분당구,"기타제조업, 제조업 회사본사, 반도체, 데이터분석가, 데이터엔지니어 외 수정일 23/01/17"
https://www.saramin.co.kr/zf_user/jobs/relay/view?isMypage=no&rec_idx=44845885,2023년 1월 동희그룹 경력사원 및 대졸 인턴(신입) 채용,경기수원시 권선구,"자동차, 자동차부품, 기술지원, 백엔드/서버개발, 앱개발 외 수정일 23/01/19"
https://www.saramin.co.kr/zf_user/jobs/relay/view?isMypage=no&rec_idx=44886657,카카오계열|파괴연구소 공개채용,서울강남구,"광고기획사, 광고대행사, PhotoShop, CW(카피라이터), PD/AD/FD 외 수정일 23/01/20"
https://www.saramin.co.kr/zf_user/jobs/relay/view?isMypage=no&rec_idx=44736737,캐논코리아 각 부문 채용 (본사/지사),서울강남구,"기타제조업, 데이터엔지니어, 백엔드/서버개발, 보안컨설팅, 앱개발 외 수정일 23/01/19"
https://www.saramin.co.kr/zf_user/jobs/relay/view?isMypage=no&rec_idx=44829158,(SK계열사) 상반기 신입 및 경력직원 채용공고,경기군포시,"SI·시스템통합, ERP, 시스템관리, 솔루션업체, 소프트웨어개발 외 수정일 23/01/19"
https://www.saramin.co.kr/zf_user/jobs/relay/view?isMypage=no&rec_idx=44843183,(주)모나미 각 부문별 경력사원 모집,경기용인시 수지구,"유통업, 무역업, 상사, 기술지원, 데이터분석가 외 수정일 23/01/13"
https://www.saramin.co.kr/zf_user/jobs/relay/view?isMypage=no&rec_idx=44796609,안국약품㈜ 신입 및 경력직 채용,서울영등포구,"건강보조식품, 의약·제약, 바이오, 생명공학, 감사 외 수정일 23/01/17"
https://www.saramin.co.kr/zf_user/jobs/relay/view?isMypage=no&rec_idx=44773666,2023년 신입 및 경력 채용,경기성남시 분당구,"기타제조업, 유지보수, 퍼블리셔, SE(시스템엔지니어), 머신러닝 외 수정일 23/01/04"
https://www.saramin.co.kr/zf_user/jobs/relay/view?isMypage=no&rec_idx=44600139,(주)동구밭 2023년 각 부문별 상반기 상시 채용[신입/경력],서울성동구,"화장품, 뷰티, 데이터분석가, 반응형웹, CSS 외 수정일 23/01/05"
https://www.saramin.co.kr/zf_user/jobs/relay/view?isMypage=no&rec_idx=44734214,도미노피자 각 부문 (자회사/관계사포함) 공개채용,서울강남구,"음식료, 프랜차이즈, 피자·스파게티, 테이크아웃, 기술지원 외 수정일 22/12/30"
https://www.saramin.co.kr/zf_user/jobs/relay/view?isMypage=no&rec_idx=44825067,신입 및 경력사원 공개채용,서울강남구,"자동차부품, 감사, 경리, 전산회계, 관리회계 외 수정일 23/01/11"
https://www.saramin.co.kr/zf_user/jobs/relay/view?isMypage=no&rec_idx=44702805,파마리서치·바이오 2023년 상반기 대규모 공개채용,경기성남시 분당구,"의약·제약, 의료·보건, 바이오, 정보보안, 네트워크 외 수정일 23/01/18"
https://www.saramin.co.kr/zf_user/jobs/relay/view?isMypage=no&rec_idx=44820956,현대자동차 그룹사 (주)지아이티 상반기 대규모 수시 채용,서울송파구,"Python, Java, C++, 웹개발, Linux 외 수정일 23/01/20"
https://www.saramin.co.kr/zf_user/jobs/relay/view?isMypage=no&rec_idx=44882804,[교원그룹] 1월 신입/경력 정기 수시채용,서울중구,"Python, Java, 웹개발, 백엔드/서버개발, 빅데이터 외 수정일 23/01/19"
https://www.saramin.co.kr/zf_user/jobs/relay/view?isMypage=no&rec_idx=44883881,2023년 상반기 아이브릭스 분야별 신입/경력 대규모 채용,경기성남시 분당구,"Python, Java, C++, 웹개발, 백엔드/서버개발 외 수정일 23/01/20"
https://www.saramin.co.kr/zf_user/jobs/relay/view?isMypage=no&rec_idx=44752480,[사업확장] 각 부문 신규 채용,경기성남시 분당구,"Python, Java, C++, 웹개발, Linux 외 수정일 23/01/13"
https://www.saramin.co.kr/zf_user/jobs/relay/view?isMypage=no&rec_idx=44855369,2023 상반기 각 부문 신입 및 경력사원 채용,경기안양시 동안구,"Python, Java, C++, AWS, 웹개발 외 수정일 23/01/16"
https://www.saramin.co.kr/zf_user/jobs/relay/view?isMypage=no&rec_idx=44869311,[HD현대그룹] 2023년 상반기 현대건설기계 경력사원 채용,경기성남시 분당구,"Python, Java, C++, 머신러닝, 빅데이터 외 수정일 23/01/18"
https://www.saramin.co.kr/zf_user/jobs/relay/view?isMypage=no&rec_idx=44696483,[LG이노텍] 부문별 수시채용 모음,서울강서구,"Python, C++, 백엔드/서버개발, 빅데이터, 기술지원 외 수정일 23/01/17"
https://www.saramin.co.kr/zf_user/jobs/relay/view?isMypage=no&rec_idx=44841945,FY2023 상반기 교보생명 경력사원 채용공고,서울종로구,"Python, Java, AWS, 웹개발, 백엔드/서버개발 외 수정일 23/01/16"
https://www.saramin.co.kr/zf_user/jobs/relay/view?isMypage=no&rec_idx=44763933,솔로몬텍 본사/해외 분야별 IT인재 채용,서울영등포구,"Python, Java, C++, AWS, 웹개발 외 수정일 23/01/20"
https://www.saramin.co.kr/zf_user/jobs/relay/view?isMypage=no&rec_idx=44839152,[수산아이앤티] 상반기 전 부문 채용,서울강남구,"Python, Java, C++, AWS, 웹개발 외 수정일 23/01/13"
https://www.saramin.co.kr/zf_user/jobs/relay/view?isMypage=no&rec_idx=44830567,[ HNIX ] 각 부문별 신입/경력 채용공고,서울중구,"Python, Java, C++, AWS, 웹개발 외 수정일 23/01/19"
https://www.saramin.co.kr/zf_user/jobs/relay/view?isMypage=no&rec_idx=44871780,2023년 피타소프트 상반기 각 부문 채용,경기성남시 분당구,"Python, Java, AWS, 웹개발, Linux 외 수정일 23/01/18"
https://www.saramin.co.kr/zf_user/jobs/relay/view?isMypage=no&rec_idx=44769979,SFA 2023년 1차 채용 16개부문 (1월24일마감),경기화성시,"Python, Java, C++, Linux, 머신러닝 외 등록일 23/01/03"
https://www.saramin.co.kr/zf_user/jobs/relay/view?isMypage=no&rec_idx=44866841,현대엔지비㈜ 신입/경력 정규직 채용,서울관악구,"Python, Java, 웹개발, Linux, 백엔드/서버개발 외 수정일 23/01/17"
https://www.saramin.co.kr/zf_user/jobs/relay/view?isMypage=no&rec_idx=44687265,(주)KB저축은행 경력직 채용,서울송파구,"Python, 데이터분석가, CSS, R, SAS 외 수정일 23/01/06"
https://www.saramin.co.kr/zf_user/jobs/relay/view?isMypage=no&rec_idx=44884957,[효성계열사] 신화인터텍(주) 각 부문 신입/경력 채용,충남천안시,"Python, Java, 기술지원, 데이터엔지니어, ERP 외 수정일 23/01/20"
https://www.saramin.co.kr/zf_user/jobs/relay/view?isMypage=no&rec_idx=44750331,KUNDAL(쿤달) 2023년 1기 공채,서울강남구,"Python, AWS, 기술지원, 영업MD, 거래처관리 외 수정일 23/01/16"
https://www.saramin.co.kr/zf_user/jobs/relay/view?isMypage=no&rec_idx=44602342,[SK텔레콤] 부문별 수시채용 모음,서울종로구,"Python, Java, C++, AWS, 웹개발 외 수정일 23/01/16"
https://www.saramin.co.kr/zf_user/jobs/relay/view?isMypage=no&rec_idx=44738716,JAVA 개발 SI 경력 채용 (PM / PL / 개발),서울종로구,"Python, Java, C++, AWS, 웹개발 외 수정일 22/12/29"
https://www.saramin.co.kr/zf_user/jobs/relay/view?isMypage=no&rec_idx=44798176,"공공 및 교육, 기업 SI 프로젝트 분석/설계/개발자 및 AA 모집",서울중구,"Python, Java, C++, AWS, 웹개발 외 수정일 23/01/11"
https://www.saramin.co.kr/zf_user/jobs/relay/view?isMypage=no&rec_idx=44735469,캐논코리아 안산사업소 각 부문 채용 (일반 / 연구),경기안산시,"Python, C++, 웹개발, 기술지원, 데이터분석가 외 수정일 23/01/19"
https://www.saramin.co.kr/zf_user/jobs/relay/view?isMypage=no&rec_idx=44768587,(주)리파인 각 부문별 신입/경력 채용공고,서울강남구,"Python, AWS, Linux, 백엔드/서버개발, 빅데이터 외 수정일 23/01/03"
https://www.saramin.co.kr/zf_user/jobs/relay/view?isMypage=no&rec_idx=44754679,[카카오모빌리티] 부문별 수시채용 모음,경기성남시 분당구,"Python, Java, C++, 웹개발, Linux 외 수정일 23/01/16"
https://www.saramin.co.kr/zf_user/jobs/relay/view?isMypage=no&rec_idx=44812426,"SW 엔지니어, 소프트웨어 개발, 연구소 모집 (신입 및 경력)",서울마포구,"Python, Java, C++, 웹개발, 백엔드/서버개발 외 수정일 23/01/09"
https://www.saramin.co.kr/zf_user/jobs/relay/view?isMypage=no&rec_idx=44721759,(주)싸이버로지텍 2023년 경력 채용,서울마포구,"Python, Java, 웹개발, 백엔드/서버개발, 클라우드 외 수정일 22/12/27"
https://www.saramin.co.kr/zf_user/jobs/relay/view?isMypage=no&rec_idx=44387898,엠큐브테크놀로지 연구원 채용공고,서울강서구,"Python, Java, C++, Linux, 앱개발 외 수정일 23/01/02"
https://www.saramin.co.kr/zf_user/jobs/relay/view?isMypage=no&rec_idx=44867102,[이든앤앨리스마케팅] 마케팅 AE 경력직 채용,서울강남구,"Python, Java, C++, AWS, 웹개발 외 수정일 23/01/17"
https://www.saramin.co.kr/zf_user/jobs/relay/view?isMypage=no&rec_idx=44738581,2023년 1월 NE능률 신입 및 경력(수시) 채용,서울마포구,"Python, Java, 웹개발, Linux, 백엔드/서버개발 외 수정일 23/01/01"
https://www.saramin.co.kr/zf_user/jobs/relay/view?isMypage=no&rec_idx=44890057,Didim365 각 부문별 인재 채용,서울금천구,"Python, C++, AWS, 웹개발, Linux 외 수정일 23/01/20"
https://www.saramin.co.kr/zf_user/jobs/relay/view?isMypage=no&rec_idx=44803740,사세확장으로 인한 각부서별 정규직 채용,경기김포시,"전산회계, 4대보험, 계산서발행, 관리회계, 급여(Payroll) 외 수정일 23/01/16"
https://www.saramin.co.kr/zf_user/jobs/relay/view?isMypage=no&rec_idx=44816496,[솔탑] 2023년 각 부문 신입 / 경력 모집,대전유성구,"Python, Java, C++, 웹개발, 백엔드/서버개발 외 수정일 23/01/10"
https://www.saramin.co.kr/zf_user/jobs/relay/view?isMypage=no&rec_idx=42924332,[자율주행 로봇 개발 스타트업] ROS 개발자 채용 (보충역 편입 가능),서울전체,"Python, C++, Linux, SE(시스템엔지니어), S/W 외 수정일 22/06/14"
https://www.saramin.co.kr/zf_user/jobs/relay/view?isMypage=no&rec_idx=44829625,현대글로비스 IT부문 경력직 채용,서울성동구,"Python, Java, AWS, 백엔드/서버개발, 머신러닝 외 수정일 23/01/16"
https://www.saramin.co.kr/zf_user/jobs/relay/view?isMypage=no&rec_idx=44828969,2023년 상반기 공개채용,서울구로구,"Python, 데이터분석가, DBA, 데이터마이닝, 데이터시각화 외 수정일 23/01/11"
https://www.saramin.co.kr/zf_user/jobs/relay/view?isMypage=no&rec_idx=44857458,2023년 에스피파트너스 상반기 채용 공고,대구동구,"Python, Java, 웹개발, 머신러닝, 빅데이터 외 수정일 23/01/20"
https://www.saramin.co.kr/zf_user/jobs/relay/view?isMypage=no&rec_idx=44846683,[SK그룹 계열사 (주)더비즈] 23년 상반기 각 부문별 경력 채용,서울서초구,"Python, AWS, 웹개발, 기술지원, 데이터분석가 외 수정일 23/01/13"
https://www.saramin.co.kr/zf_user/jobs/relay/view?isMypage=no&rec_idx=44870685,2023년 상반기 신입 및 경력 공개채용,서울강남구,"Python, AWS, Linux, 백엔드/서버개발, 머신러닝 외 수정일 23/01/20"
https://www.saramin.co.kr/zf_user/jobs/relay/view?isMypage=no&rec_idx=44716261,[아이디어키] 2023년 각 부문 신입/경력 채용,서울강남구,"Python, 웹개발, Linux, 백엔드/서버개발, 검색엔진 외 수정일 23/01/20"
https://www.saramin.co.kr/zf_user/jobs/relay/view?isMypage=no&rec_idx=44851805,[알바천국] 백엔드 웹개발자 정규직 모집,서울강남구,"Python, Java, C++, AWS, 웹개발 외 수정일 23/01/16"
https://www.saramin.co.kr/zf_user/jobs/relay/view?isMypage=no&rec_idx=44773452,[청주/이차전지] 씨메스 에너지본부(검사사업부) 전 분야 채용,충북청주시,"Python, Java, C++, 기술지원, 유지보수 외 수정일 23/01/05"
https://www.saramin.co.kr/zf_user/jobs/relay/view?isMypage=no&rec_idx=44724303,SaaS플랫폼 웹솔루션 자바 재배로직/파이썬 AI모델링 개발자,서울구로구,"Python, Java, 웹개발, Linux, 백엔드/서버개발 외 수정일 22/12/27"
https://www.saramin.co.kr/zf_user/jobs/relay/view?isMypage=no&rec_idx=44659375,[패스오더] 급성장중인 스타트업 ‘전직군’ 대규모 채용,서울강남구,"Python, Java, C++, AWS, 백엔드/서버개발 외 수정일 22/12/19"
https://www.saramin.co.kr/zf_user/jobs/relay/view?isMypage=no&rec_idx=44741199,[모비데이즈] R&D 백엔드/파이썬 개발자 경력직 채용(-1.31),서울강남구,"Python, Java, AWS, 백엔드/서버개발, 클라우드 외 수정일 23/01/19"
https://www.saramin.co.kr/zf_user/jobs/relay/view?isMypage=no&rec_idx=44797338,[SK바이오팜] 각 부문 구성원 모집,경기성남시,"Python, Java, C++, 머신러닝, 빅데이터 외 수정일 23/01/09"
https://www.saramin.co.kr/zf_user/jobs/relay/view?isMypage=no&rec_idx=44846451,파이썬 개발자,경기전체,"Python, 웹개발, 백엔드/서버개발, 유지보수, 소프트웨어개발 수정일 23/01/16"
https://www.saramin.co.kr/zf_user/jobs/relay/view?isMypage=no&rec_idx=44883067,2023년 쌍용자동차 신입/경력 공개 채용,경기평택시,"Python, Java, C++, 웹개발, Linux 외 수정일 23/01/20"
https://www.saramin.co.kr/zf_user/jobs/relay/view?isMypage=no&rec_idx=44817794,파이썬 Django 개발자,서울영등포구,"Python, AWS, 백엔드/서버개발, 클라우드, Django 외 수정일 23/01/10"
https://www.saramin.co.kr/zf_user/jobs/relay/view?isMypage=no&rec_idx=43221043,LG CNS 각 부문 경력사원 상시 채용,서울강서구,"Python, Java, AWS, 웹개발, 백엔드/서버개발 외 수정일 23/01/03"
https://www.saramin.co.kr/zf_user/jobs/relay/view?isMypage=no&rec_idx=44730389,파이썬 개발자모집 채용,서울영등포구,"Python, Linux, 딥러닝, 알고리즘, 컴퓨터비전 외 등록일 22/12/28"
https://www.saramin.co.kr/zf_user/jobs/relay/view?isMypage=no&rec_idx=44795479,CREVERSE 신입/경력사원 수시채용,서울강남구,"Python, Java, C++, AWS, 백엔드/서버개발 외 수정일 23/01/18"
https://www.saramin.co.kr/zf_user/jobs/relay/view?isMypage=no&rec_idx=44780545,[백엔드] 파이썬 Django 개발자,서울영등포구,"Python, AWS, 클라우드, 인프라, API 외 수정일 23/01/05"
https://www.saramin.co.kr/zf_user/jobs/relay/view?isMypage=no&rec_idx=44860718,각 부문 신입/경력 채용공고,경기시흥시,"Python, C++, 기술지원, 인프라, ERP 외 수정일 23/01/17"
https://www.saramin.co.kr/zf_user/jobs/relay/view?isMypage=no&rec_idx=44819333,[백엔드] 파이썬 Django GraphQL 개발 채용,서울영등포구,"Python, AWS, 백엔드/서버개발, 클라우드, Django 외 등록일 23/01/10"
https://www.saramin.co.kr/zf_user/jobs/relay/view?isMypage=no&rec_idx=44882202,환인제약(주) 1월 신입/경력 수시채용,서울송파구,"Python, Java, 웹개발, 백엔드/서버개발, 웹마스터 외 수정일 23/01/19"
https://www.saramin.co.kr/zf_user/jobs/relay/view?isMypage=no&rec_idx=44736737,캐논코리아 각 부문 채용 (본사/지사),서울강남구,"Python, Java, C++, 웹개발, 백엔드/서버개발 외 수정일 23/01/19"
https://www.saramin.co.kr/zf_user/jobs/relay/view?isMypage=no&rec_idx=44761514,[주3일 원격근무] 2023년 1월 비상교육그룹 직무별 신입/경력 대규모 인재채용,서울구로구,"Python, Java, Windows, HTML, 전산회계 외 수정일 23/01/04"
https://www.saramin.co.kr/zf_user/jobs/relay/view?isMypage=no&rec_idx=44870754,2023년 1/4분기 효성그룹 신입·경력사원 채용,서울마포구,"Python, C++, Linux, 백엔드/서버개발, 기술지원 외 수정일 23/01/18"
https://www.saramin.co.kr/zf_user/jobs/relay/view?isMypage=no&rec_idx=44825924,2023년도 상반기 정기채용(경력/신입) 모집 공고,경기성남시 분당구,"Python, 백엔드/서버개발, 데이터분석가, 데이터엔지니어, 보안컨설팅 외 수정일 23/01/17"
https://www.saramin.co.kr/zf_user/jobs/relay/view?isMypage=no&rec_idx=44783873,(주)수산이앤에스 연구개발분야 채용,서울강남구,"Python, Java, C++, 데이터분석가, 데이터엔지니어 외 수정일 23/01/06"
https://www.saramin.co.kr/zf_user/jobs/relay/view?isMypage=no&rec_idx=44867762,2023년 1분기 현대오토에버 신입/경력 대규모 채용,서울강남구,"Python, Java, C++, Linux, 백엔드/서버개발 외 수정일 23/01/18"
https://www.saramin.co.kr/zf_user/jobs/relay/view?isMypage=no&rec_idx=44808476,C# /C++/파이선 프로그램 사용가능자 모집,경기부천시,"Python, C++, C#, 기계, 메카트로닉스 등록일 23/01/09"
https://www.saramin.co.kr/zf_user/jobs/relay/view?isMypage=no&rec_idx=44885741,[헤딩/엘리스] 백엔드 개발(파이썬),서울강남구,"Python, 백엔드/서버개발, Django, Flask, Git 외 등록일 23/01/20"
https://www.saramin.co.kr/zf_user/jobs/relay/view?isMypage=no&rec_idx=44752708,[SK시그넷] 각 부문 별 신입/경력직 모집,서울영등포구,"Python, C++, 웹개발, Linux, 백엔드/서버개발 외 수정일 23/01/20"
https://www.saramin.co.kr/zf_user/jobs/relay/view?isMypage=no&rec_idx=44858237,2023년 코오롱그룹 1월 정기공채,경기과천시,"Python, Java, C++, AWS, Linux 외 수정일 23/01/19"
https://www.saramin.co.kr/zf_user/jobs/relay/view?isMypage=no&rec_idx=44882613,SK스토아 각 분야별 경력 모집,서울마포구,"Python, 백엔드/서버개발, 머신러닝, 빅데이터, 데이터분석가 외 수정일 23/01/19"
https://www.saramin.co.kr/zf_user/jobs/relay/view?isMypage=no&rec_idx=44822576,자바/파이선/C언어 프로그램 개발자 훈련교사(강사) 채용,인천미추홀구,"C++, 빅데이터, 기술지원, 데이터분석가, 데이터엔지니어 외 수정일 23/01/17"
https://www.saramin.co.kr/zf_user/jobs/relay/view?isMypage=no&rec_idx=44734214,도미노피자 각 부문 (자회사/관계사포함) 공개채용,서울강남구,"Python, Java, C++, AWS, 웹개발 외 수정일 22/12/30"
https://www.saramin.co.kr/zf_user/jobs/relay/view?isMypage=no&rec_idx=44868425,[HD현대그룹] 2023년 상반기 현대제뉴인 경력사원 채용,경기성남시 분당구,"Python, Java, C++, 머신러닝, 빅데이터 외 수정일 23/01/18"
https://www.saramin.co.kr/zf_user/jobs/relay/view?isMypage=no&rec_idx=44865913,기흥 S대기업 장기 프로젝트 ( 파이썬 개발자 ) 즉시 투입,경기용인시 기흥구,"Python, 유지보수, 전산실, SM, 운영 외 등록일 23/01/17"
https://www.saramin.co.kr/zf_user/jobs/relay/view?isMypage=no&rec_idx=44875891,2023년 텐마인즈그룹 각 부문별 신입/경력 채용,서울용산구,"Python, 웹개발, Linux, 백엔드/서버개발, 데이터엔지니어 외 수정일 23/01/19"
https://www.saramin.co.kr/zf_user/jobs/relay/view?isMypage=no&rec_idx=44865765,파이썬-장고 기반 웹사이트 개발자 모십니다.,부산해운대구,"Python, Django, 소프트웨어개발 수정일 23/01/18"
https://www.saramin.co.kr/zf_user/jobs/relay/view?isMypage=no&rec_idx=44784589,㈜루텍 2023 신입/경력사원 정기 공개채용 (연구개발/ 품질관리/ 생산/기술영업/ 경영지원),경기수원시 영통구,"Python, Java, C++, Linux, 백엔드/서버개발 외 수정일 23/01/09"
https://www.saramin.co.kr/zf_user/jobs/relay/view?isMypage=no&rec_idx=42912594,각 분야 채용공고,서울용산구,"Python, Java, C++, AWS, Linux 외 수정일 23/01/17"
https://www.saramin.co.kr/zf_user/jobs/relay/view?isMypage=no&rec_idx=44894943,파이썬 개발자(프로그래머) 정규직 모집합니다.,서울영등포구,"Python, 머신러닝, 딥러닝, AI(인공지능), NoSQL 외 등록일 23/01/24"
https://www.saramin.co.kr/zf_user/jobs/relay/view?isMypage=no&rec_idx=44857457,[AI 수학 학습 프로그램] 파이썬 개발자 모집,서울양천구,"Python, 웹개발, 데이터엔지니어, 데이터시각화, Git 외 등록일 23/01/16"
https://www.saramin.co.kr/zf_user/jobs/relay/view?isMypage=no&rec_idx=44691279,파이썬 데이터분석 & 데이터 시각화,서울전체,"Python, 머신러닝, 빅데이터, 클라우드, 데이터분석가 외 수정일 22/12/22"
https://www.saramin.co.kr/zf_user/jobs/relay/view?isMypage=no&rec_idx=44744223,한국전자금융(주) IT부문/CS기기관리 부문 신입/경력 직원 수시채용,서울강남구,"Python, Java, C++, 웹개발, Linux 외 수정일 23/01/02"
https://www.saramin.co.kr/zf_user/jobs/relay/view?isMypage=no&rec_idx=44881582,파이썬 데이터분석 프리랜서 강사 모집,서울강남구,"Python, 머신러닝, IT강사, 딥러닝, SQL 외 수정일 23/01/19"
https://www.saramin.co.kr/zf_user/jobs/relay/view?isMypage=no&rec_idx=44872748,파이썬 자바 웹 경력직(신입가능),서울금천구,"Python, Java, 웹개발, 백엔드/서버개발, 프론트엔드 외 수정일 23/01/19"
https://www.saramin.co.kr/zf_user/jobs/relay/view?isMypage=no&rec_idx=44694074,"IT 프로그래밍, C언어,자바,파이썬 강사 채용",서울강동구,"학원강사, IT강사, 디자인, IT학원 수정일 23/01/19"
https://www.saramin.co.kr/zf_user/jobs/relay/view?isMypage=no&rec_idx=44802306,에스디바이오센서(주) 수원본사 연구개발부문 신입/경력직 모집,경기수원시 영통구,"연구원, 생명과학, 분자진단, 유전자, 바이오 수정일 23/01/20"
https://www.saramin.co.kr/zf_user/jobs/relay/view?isMypage=no&rec_idx=44822298,[블리자드엔터테인먼트] 부문별 수시채용 모음,서울전체,"Python, 게임개발, 정보보안, SE(시스템엔지니어), 인프라 외 등록일 23/01/10"
https://www.saramin.co.kr/zf_user/jobs/relay/view?isMypage=no&rec_idx=44833011,백엔드/프론트엔드/서비스기획/마케팅/네트워크보안/PC자산,서울강남구,"Python, Java, AWS, Linux, 백엔드/서버개발 외 수정일 23/01/19"
https://www.saramin.co.kr/zf_user/jobs/relay/view?isMypage=no&rec_idx=44859619,DKBMC 각 부문별 경력 채용,서울강남구,"Python, Java, AWS, 퍼블리셔, CSS 외 수정일 23/01/18"
https://www.saramin.co.kr/zf_user/jobs/relay/view?isMypage=no&rec_idx=44807776,C++/Java/응용프로그램 개발 신입 및 경력 채용,서울금천구,"Python, Java, C++, 웹개발, 백엔드/서버개발 외 수정일 23/01/10"
https://www.saramin.co.kr/zf_user/jobs/relay/view?isMypage=no&rec_idx=44646201,전 직무 채용 [개발/품질/회로설계/사업기획],경기성남시 분당구,"Python, C++, 웹개발, Linux, 백엔드/서버개발 외 수정일 23/01/02"
https://www.saramin.co.kr/zf_user/jobs/relay/view?isMypage=no&rec_idx=44779791,[카카오브레인] 부문별 수시채용 모음,경기성남시,"Python, Java, C++, Linux, 백엔드/서버개발 외 수정일 23/01/05"
https://www.saramin.co.kr/zf_user/jobs/relay/view?isMypage=no&rec_idx=44661279,[판교 연구소] 개발(SW/FW/HW) 연구원 모집(신입/경력),경기성남시 분당구,"Python, Java, C++, 웹개발, Linux 외 등록일 22/12/17"
https://www.saramin.co.kr/zf_user/jobs/relay/view?isMypage=no&rec_idx=44762958,[GOPIZZA 채용] 미래기술연구소 기획자 / AI 연구원 모집,서울마포구,"Python, C++, AWS, 웹개발, 머신러닝 외 등록일 23/01/03"
https://www.saramin.co.kr/zf_user/jobs/relay/view?isMypage=no&rec_idx=44804919,2023 상반기 퀸텟시스템즈 공개채용,서울영등포구,"Python, Java, AWS, 웹개발, Linux 외 수정일 23/01/09"
https://www.saramin.co.kr/zf_user/jobs/relay/view?isMypage=no&rec_idx=44716520,[스타일셀러] 백앤드 개발자 모집,서울서초구,"Python, Java, C++, 웹개발, 백엔드/서버개발 외 수정일 23/01/16"
https://www.saramin.co.kr/zf_user/jobs/relay/view?isMypage=no&rec_idx=44728453,[DBA(팀장급)/정보보안/QA엔지니어] 신입/경력 모집,서울서초구,"Python, Java, AWS, 웹개발, Linux 외 수정일 23/01/06"
https://www.saramin.co.kr/zf_user/jobs/relay/view?isMypage=no&rec_idx=44857546,2023년 신입직(정규직 전환형 인턴) 채용공고 (제2023-1차),전국,"Python, ICT컨설팅, 해외시장개척, 연구원, R&D 외 수정일 23/01/16"
https://www.saramin.co.kr/zf_user/jobs/relay/view?isMypage=no&rec_idx=44463673,[한국전력과정/취업연계과정] 2023년도 국비 기술교육생 모집,광주광산구,"Python, Java, C++, 웹개발, 머신러닝 외 수정일 23/01/12"
https://www.saramin.co.kr/zf_user/jobs/relay/view?isMypage=no&rec_idx=44854009,[하나금융그룹 자회사] 경력직 수시 채용,서울중구,"Python, Java, AWS, 웹개발, 백엔드/서버개발 외 수정일 23/01/16"
https://www.saramin.co.kr/zf_user/jobs/relay/view?isMypage=no&rec_idx=44765454,[LG유플러스] 부문별 수시채용 모음,서울전체,"Python, Java, C++, AWS, 웹개발 외 수정일 23/01/16"
https://www.saramin.co.kr/zf_user/jobs/relay/view?isMypage=no&rec_idx=44768796,각 부문별 신입.경력직원 채용,서울서대문구,"Python, Java, C++, 웹개발, 백엔드/서버개발 외 수정일 23/01/12"
https://www.saramin.co.kr/zf_user/jobs/relay/view?isMypage=no&rec_idx=44838333,㈜에이앤지테크놀로지 2023년 상반기 신입 및 경력 채용,경기시흥시,"Java, C++, 유지보수, 검색엔진, 방화벽 외 수정일 23/01/12"
https://www.saramin.co.kr/zf_user/jobs/relay/view?isMypage=no&rec_idx=44758145,[플라이빗 가상자산거래소 (FLYBIT)] 각 부문별 신입/경력 직원채용,서울강남구,"Python, Java, C++, AWS, 웹개발 외 수정일 23/01/03"
https://www.saramin.co.kr/zf_user/jobs/relay/view?isMypage=no&rec_idx=44859986,2023년 각 부문별 신입/경력 모집,서울관악구,"C++, Windows, C#, Qt, CRA(임상연구원) 외 수정일 23/01/17"
https://www.saramin.co.kr/zf_user/jobs/relay/view?isMypage=no&rec_idx=44880434,[LG그룹] BizTechi JAVA 신입사원 채용,서울마포구,"Python, Java, C++, AWS, 웹개발 외 수정일 23/01/20"
https://www.saramin.co.kr/zf_user/jobs/relay/view?isMypage=no&rec_idx=44729723,[한화생명보험] 부문별 수시채용 모음,서울영등포구,"Python, Java, AWS, 웹개발, 백엔드/서버개발 외 수정일 23/01/17"
https://www.saramin.co.kr/zf_user/jobs/relay/view?isMypage=no&rec_idx=44658605,2023년 상반기 대한상공회의소 충남인력개발원 취업역량 강화 교육생 모집,충남전체,"Python, C++, Linux, 머신러닝, 빅데이터 외 수정일 22/12/16"
https://www.saramin.co.kr/zf_user/jobs/relay/view?isMypage=no&rec_idx=44768062,[주 3일/유연근무제] 각 부문 채용,서울강서구,"Python, Java, C++, 웹개발, 백엔드/서버개발 외 수정일 23/01/05"
https://www.saramin.co.kr/zf_user/jobs/relay/view?isMypage=no&rec_idx=44812714,[카페24] 부문별 수시채용 모음,서울동작구,"Python, Java, 웹개발, Linux, 백엔드/서버개발 외 등록일 23/01/09"
https://www.saramin.co.kr/zf_user/jobs/relay/view?isMypage=no&rec_idx=44862331,[서울본사/부산지사] 2023년 각 부문별 경력직 모집,서울구로구,"Python, Java, 웹개발, Linux, 백엔드/서버개발 외 수정일 23/01/17"
https://www.saramin.co.kr/zf_user/jobs/relay/view?isMypage=no&rec_idx=44765932,각 부문별 신입/경력직 채용,서울송파구,"Python, 웹개발, Linux, 백엔드/서버개발, 빅데이터 외 수정일 23/01/16"
https://www.saramin.co.kr/zf_user/jobs/relay/view?isMypage=no&rec_idx=44288620,[넷마블] 부문별 수시채용 모음,서울구로구,"Python, AWS, Linux, 백엔드/서버개발, 클라우드 외 수정일 23/01/16"
https://www.saramin.co.kr/zf_user/jobs/relay/view?isMypage=no&rec_idx=44857593,[알라딘] AI기반 서비스 기획 및 빅데이터 분석,서울중구,"빅데이터, 데이터분석가, 모델링, AI(인공지능), AI(인공지능) 외 수정일 23/01/16"
https://www.saramin.co.kr/zf_user/jobs/relay/view?isMypage=no&rec_idx=44796054,[주 4.25일제] 자바 개발자 신입 및 경력 채용,서울마포구,"Python, Java, C++, 웹개발, 백엔드/서버개발 외 수정일 23/01/09"
https://www.saramin.co.kr/zf_user/jobs/relay/view?isMypage=no&rec_idx=44888590,2023 상반기 각 부문 신입 및 경력 채용(병역특례지정업체),경기군포시,"Python, Java, C++, Linux, 백엔드/서버개발 외 수정일 23/01/21"
https://www.saramin.co.kr/zf_user/jobs/relay/view?isMypage=no&rec_idx=44528796,[카카오페이증권] 부문별 수시채용 모음,경기성남시 분당구,"Python, AWS, 클라우드, 보안컨설팅, 프론트엔드 외 수정일 23/01/02"
https://www.saramin.co.kr/zf_user/jobs/relay/view?isMypage=no&rec_idx=44826197,[LX세미콘] 2023년 1월 경력사원 채용,서울강남구,"Python, Java, C++, 웹개발, Linux 외 수정일 23/01/11"
https://www.saramin.co.kr/zf_user/jobs/relay/view?isMypage=no&rec_idx=44541544,한국폴리텍대학 전문기술·하이테크과정 신입생 모집,전국,"Python, Java, C++, 웹개발, Linux 외 수정일 22/12/02"
https://www.saramin.co.kr/zf_user/jobs/relay/view?isMypage=no&rec_idx=44736598,[GIANTSTEP] 부문별 수시채용 모음,서울강남구,"Python, C++, 백엔드/서버개발, 게임개발, 프론트엔드 외 등록일 22/12/29"
https://www.saramin.co.kr/zf_user/jobs/relay/view?isMypage=no&rec_idx=44766092,2023 상반기 공개 채용,서울서초구,"Python, Java, AWS, 웹개발, 백엔드/서버개발 외 수정일 23/01/11"
https://www.saramin.co.kr/zf_user/jobs/relay/view?isMypage=no&rec_idx=44638478,"AI, 머신러닝 데이터분석가 등 신입 및 경력 채용",서울강남구,"Python, 머신러닝, 빅데이터, 데이터분석가, AI(인공지능) 외 수정일 23/01/18"
https://www.saramin.co.kr/zf_user/jobs/relay/view?isMypage=no&rec_idx=44753833,(주)푸드테크 하반기 IT부문 채용,서울강남구,"Python, Java, C++, AWS, 웹개발 외 수정일 23/01/17"
https://www.saramin.co.kr/zf_user/jobs/relay/view?isMypage=no&rec_idx=44787492,[스마일게이트] 부문별 수시채용 모음,경기성남시 분당구,"Python, Java, C++, 웹개발, 백엔드/서버개발 외 수정일 23/01/17"
https://www.saramin.co.kr/zf_user/jobs/relay/view?isMypage=no&rec_idx=41757583,2023년 상반기 신입 및 경력 대규모 채용,서울금천구,"Python, 웹개발, MySQL, PHP, 사무직 외 수정일 23/01/19"
https://www.saramin.co.kr/zf_user/jobs/relay/view?isMypage=no&rec_idx=44734867,[Coupang] Back-end Engineer (FTS),서울전체,"Python, Java, C++, AWS, 웹개발 외 수정일 22/12/29"
https://www.saramin.co.kr/zf_user/jobs/relay/view?isMypage=no&rec_idx=44878741,[직영] DYB최선어학원 각 부문 STAFF 모집,서울강남구,"Python, Java, AWS, 클라우드, 영상처리 외 수정일 23/01/22"
https://www.saramin.co.kr/zf_user/jobs/relay/view?isMypage=no&rec_idx=44727785,노랑풍선 CRM/법인영업/MD/호텔/IT기획/CS 부문 채용,서울중구,"영업MD, 온라인판매, 호텔영업, 여행사영업, 발권 외 수정일 22/12/28"
https://www.saramin.co.kr/zf_user/jobs/relay/view?isMypage=no&rec_idx=44642005,(주)한샘 DT 부문 대규모 채용,서울마포구,"Python, 빅데이터, 데이터분석가, 마케팅전략, 디지털마케팅 외 수정일 22/12/22"
https://www.saramin.co.kr/zf_user/jobs/relay/view?isMypage=no&rec_idx=44826271,디와이 그룹(DY INNOVATE) 수시채용(신입/경력) 모집,전북익산시,"장비영업, 해외영업, 거래처영업, 고객관리, 기업영업 외 수정일 23/01/19"
https://www.saramin.co.kr/zf_user/jobs/relay/view?isMypage=no&rec_idx=44633135,㈜한샘 IT부문 대규모 채용,서울마포구,"Python, Linux, 클라우드, 데이터엔지니어, 프론트엔드 외 수정일 23/01/19"
https://www.saramin.co.kr/zf_user/jobs/relay/view?isMypage=no&rec_idx=44887293,(주)마크로젠 IT부문 개발자 채용,서울금천구,"Python, Java, AWS, 웹개발, Linux 외 등록일 23/01/20"
https://www.saramin.co.kr/zf_user/jobs/relay/view?isMypage=no&rec_idx=44883618,"[HL만도] 2023년 Brake BU R&D 신입/경력 채용(판교, 평택)",경기성남시 분당구,"연구원, R&D, 자동차부품 수정일 23/01/22"
https://www.saramin.co.kr/zf_user/jobs/relay/view?isMypage=no&rec_idx=44692538,"[아이티노매즈] 미들웨어, 연구소 JAVA 개발자 등 정규직 채용",서울구로구,"Python, Java, C++, AWS, Linux 외 수정일 22/12/22"
https://www.saramin.co.kr/zf_user/jobs/relay/view?isMypage=no&rec_idx=44838550,[쿠팡] Security Engineer (Blue),서울송파구,"Python, AWS, 클라우드, 정보보안, DLP 외 등록일 23/01/12"
https://www.saramin.co.kr/zf_user/jobs/relay/view?isMypage=no&rec_idx=44789443,[이그니스] 랩노쉬 2023년 공개채용,서울성동구,"무역사무원, 영업전략, 해외시장개척, 해외영업, 거래처관리 외 수정일 23/01/16"
https://www.saramin.co.kr/zf_user/jobs/relay/view?isMypage=no&rec_idx=44868329,딥노이드 신입/ 경력 모집,서울구로구,"Python, 백엔드/서버개발, 머신러닝, 클라우드, 기술지원 외 수정일 23/01/17"
https://www.saramin.co.kr/zf_user/jobs/relay/view?isMypage=no&rec_idx=44862994,[효성그룹계열사] IT/전산개발 담당 경력직 채용,충남천안시 동남구,"Python, Java, C++, 웹개발, 백엔드/서버개발 외 등록일 23/01/17"
https://www.saramin.co.kr/zf_user/jobs/relay/view?isMypage=no&rec_idx=44884750,"[쿠팡플레이] Senior, QA Engineer",서울송파구,"Python, Java, AWS, 웹개발, 백엔드/서버개발 외 등록일 23/01/19"
https://www.saramin.co.kr/zf_user/jobs/relay/view?isMypage=no&rec_idx=44875793,2023 상반기 대웅그룹인턴십 대규모 채용,서울강남구,"IR/공시, RA, 정산관리, 연구원, 임상PM 외 수정일 23/01/19"
https://www.saramin.co.kr/zf_user/jobs/relay/view?isMypage=no&rec_idx=44835427,2023 예가람저축은행 디지털 뱅킹 경력 핵심인력 공개 채용,서울강남구,"Python, Java, 웹개발, 빅데이터, 기술지원 외 수정일 23/01/20"
https://www.saramin.co.kr/zf_user/jobs/relay/view?isMypage=no&rec_idx=44820549,[KIS자산평가] 각 부문별 채용 공고,서울영등포구,"Python, Java, C++, 웹개발, 유지보수 외 수정일 23/01/10"
https://www.saramin.co.kr/zf_user/jobs/relay/view?isMypage=no&rec_idx=44822360,서울대학교병원 데이터 엔지니어 채용,서울종로구,"Python, AWS, 머신러닝, 빅데이터, 데이터분석가 외 등록일 23/01/10"
https://www.saramin.co.kr/zf_user/jobs/relay/view?isMypage=no&rec_idx=44882369,[국비무료] 네트워크/SW개발/PLC 취업연계 교육,부산수영구,"Python, Java, 웹개발, 백엔드/서버개발, 데이터분석가 외 수정일 23/01/19"
https://www.saramin.co.kr/zf_user/jobs/relay/view?isMypage=no&rec_idx=44830132,해외 유통사업분야 SI개발 경력사원 모집,아시아·중동몽골,"Python, Java, C++, AWS, 웹개발 외 수정일 23/01/16"
https://www.saramin.co.kr/zf_user/jobs/relay/view?isMypage=no&rec_idx=44830223,[대전유망중소기업] 2023 상반기 신입·경력직 채용(사업부/개발부),대전유성구,"Python, Java, 웹개발, Linux, 백엔드/서버개발 외 수정일 23/01/11"
https://www.saramin.co.kr/zf_user/jobs/relay/view?isMypage=no&rec_idx=44759747,[네오플] 데이터분석팀 게임 운영/이상탐지 데이터 분석가 모집,제주제주시,"Python, 웹개발, 데이터분석가, 데이터분석, R 외 등록일 23/01/02"
https://www.saramin.co.kr/zf_user/jobs/relay/view?isMypage=no&rec_idx=44676191,IT인프라 담당자 채용(운영/관리),서울금천구,"Python, AWS, Linux, 클라우드, 데이터엔지니어 외 수정일 22/12/23"
https://www.saramin.co.kr/zf_user/jobs/relay/view?isMypage=no&rec_idx=44811207,"고객 행동 로그 데이터 분석가 채용(신입,경력)",서울금천구,"Python, Java, 웹개발, 클라우드, 데이터분석가 외 수정일 23/01/09"
https://www.saramin.co.kr/zf_user/jobs/relay/view?isMypage=no&rec_idx=44805222,개발/엔지니어/정보보안/품질관리 경력직원모집,서울강남구,"Python, Java, C++, AWS, 웹개발 외 수정일 23/01/20"
https://www.saramin.co.kr/zf_user/jobs/relay/view?isMypage=no&rec_idx=44824420,[외국계/영어무관] Hardware/Firmware Engineer,경기고양시 덕양구,"Python, 알고리즘, 정보통신, 펌웨어, FPGA 외 수정일 23/01/11"
https://www.saramin.co.kr/zf_user/jobs/relay/view?isMypage=no&rec_idx=44860371,"제안서 작성 기획자 모집 (공공, 교육, 금융 등)",서울종로구,"Python, Java, C++, AWS, 웹개발 외 수정일 23/01/16"
https://www.saramin.co.kr/zf_user/jobs/relay/view?isMypage=no&rec_idx=44884066,메이크샵 사업부 대규모 인재 모집,서울금천구,"Python, Java, 웹개발, 백엔드/서버개발, 앱개발 외 수정일 23/01/19"
https://www.saramin.co.kr/zf_user/jobs/relay/view?isMypage=no&rec_idx=44813024,(주)후이즈 개발 / 디자인 / SE / 운영 각 파트 정직원 채용,서울구로구,"Python, Linux, 백엔드/서버개발, 클라우드, 기술지원 외 수정일 23/01/12"
https://www.saramin.co.kr/zf_user/jobs/relay/view?isMypage=no&rec_idx=44860534,JAVA/ DBA/ 런처개발/ 기획 직무 경력자 채용,서울송파구,"Python, Java, AWS, 웹개발, Linux 외 수정일 23/01/16"
https://www.saramin.co.kr/zf_user/jobs/relay/view?isMypage=no&rec_idx=44862563,[콘텐트리중앙 조인스부문] IT 신입 및 경력 채용,제주서귀포시,"Python, Java, C++, AWS, 웹개발 외 수정일 23/01/17"
https://www.saramin.co.kr/zf_user/jobs/relay/view?isMypage=no&rec_idx=44874223,Thin Film Process Lead (반도체 Fab),경기시흥시,"Python, 데이터분석가, 데이터엔지니어, 트러블슈팅, 공정엔지니어 외 수정일 23/01/18"
https://www.saramin.co.kr/zf_user/jobs/relay/view?isMypage=no&rec_idx=44819328,부국증권(주) 시스템트레이딩 지원 개발자(프로그래머) 채용,서울영등포구,"Python, Java, C++, C#, MFC 외 수정일 23/01/14"
https://www.saramin.co.kr/zf_user/jobs/relay/view?isMypage=no&rec_idx=44852676,2023 지니언스㈜ 상반기 공개 채용,경기안양시,"Python, Java, C++, AWS, 웹개발 외 수정일 23/01/20"
https://www.saramin.co.kr/zf_user/jobs/relay/view?isMypage=no&rec_idx=44726161,"[앤씨앤/넥스트칩] 2023년 1월 연구소, 영업마케팅 각 부문 모집",경기성남시 분당구,"Python, Java, C++, Linux, 백엔드/서버개발 외 수정일 23/01/01"
https://www.saramin.co.kr/zf_user/jobs/relay/view?isMypage=no&rec_idx=44760266,[상장기업자회사/정규직/자율주행]티라로보틱스 상반기 공개채용,경기성남시 중원구,"Python, Java, C++, 데이터엔지니어, 솔루션 외 수정일 23/01/16"
https://www.saramin.co.kr/zf_user/jobs/relay/view?isMypage=no&rec_idx=44725486,[쿠팡] 리테일부문 사업분석가 (Business Analyst),서울송파구,"Python, SQL, BA, 전자상거래, B2B 외 등록일 22/12/27"
https://www.saramin.co.kr/zf_user/jobs/relay/view?isMypage=no&rec_idx=44583945,[쿠팡] 글로벌 이커머스 사업분석가 (Business Analyst),서울송파구,"Python, SQL, BA, 전자상거래, B2B 외 등록일 22/12/06"
https://www.saramin.co.kr/zf_user/jobs/relay/view?isMypage=no&rec_idx=44878824,㈜이엠넷 디지털마케팅AE 신입/경력 공채 [부산지사],부산해운대구,"Python, Java, 웹개발, 백엔드/서버개발, 앱개발 외 수정일 23/01/20"
https://www.saramin.co.kr/zf_user/jobs/relay/view?isMypage=no&rec_idx=44888557,(주)이노룰스 2023년도 신입 및 경력 공채,서울송파구,"Python, Java, 웹개발, Linux, 백엔드/서버개발 외 수정일 23/01/21"
https://www.saramin.co.kr/zf_user/jobs/relay/view?isMypage=no&rec_idx=44676937,eDiscovery Project Manager(데이터 분석가) 인턴 채용,서울강남구,"Python, 빅데이터, 데이터분석가, SQL, 데이터분석 외 수정일 23/01/11"
https://www.saramin.co.kr/zf_user/jobs/relay/view?isMypage=no&rec_idx=44864994,"[대전]리튬팩 전문기업 사원 모집(통합공고-R&D,영업,생산)",대전유성구,"Python, Java, Linux, 백엔드/서버개발, 클라우드 외 수정일 23/01/20"
https://www.saramin.co.kr/zf_user/jobs/relay/view?isMypage=no&rec_idx=44769810,"2023 상반기 소네트 정규직 채용 공고(연구/개발, 수성알파시티)",대구수성구,"Python, C++, 자율주행, S/W, 프론트엔드 외 수정일 23/01/05"
https://www.saramin.co.kr/zf_user/jobs/relay/view?isMypage=no&rec_idx=44837599,[자가진단] 자연어처리(NLP) 분야 인공지능(AI)/머신러닝 개발자 (신입가능),서울전체,"Python, 머신러닝, 빅데이터, 데이터분석가, 딥러닝 외 등록일 23/01/12"
https://www.saramin.co.kr/zf_user/jobs/relay/view?isMypage=no&rec_idx=44726958,2023 상반기 백엔드/서버개발/앱개발/웹개발 신입 채용,서울강남구,"Python, Java, C++, 웹개발, Linux 외 수정일 22/12/28"
https://www.saramin.co.kr/zf_user/jobs/relay/view?isMypage=no&rec_idx=44770448,[지니너스] 신입 / 경력사원 수시채용,서울송파구,"Python, Java, 웹개발, 백엔드/서버개발, SI개발 외 등록일 23/01/03"
https://www.saramin.co.kr/zf_user/jobs/relay/view?isMypage=no&rec_idx=44732716,"[콴텍, 금융, AI] 금융 IT개발자 모집",서울영등포구,"Python, Java, C++, 웹개발, Linux 외 수정일 22/12/29"
https://www.saramin.co.kr/zf_user/jobs/relay/view?isMypage=no&rec_idx=44856257,"IT개발·데이터(앱개발, 웹개발) 모집합니다",부산수영구,"Python, AWS, 웹개발, 클라우드, 앱개발 외 수정일 23/01/19"
https://www.saramin.co.kr/zf_user/jobs/relay/view?isMypage=no&rec_idx=44824713,"[노르마]각 부문별 개발자 채용(연봉 5,000~7,000/병역특례가능)",서울성동구,"Python, Java, C++, AWS, 웹개발 외 수정일 23/01/11"
https://www.saramin.co.kr/zf_user/jobs/relay/view?isMypage=no&rec_idx=44249449,[국비지원]2023년 취업연계 교육생모집(SW개발자),부산남구,"Python, Java, C++, 웹개발, Linux 외 수정일 22/11/01"
https://www.saramin.co.kr/zf_user/jobs/relay/view?isMypage=no&rec_idx=44223628,AI/빅데이터 - Data Scientist 연구개발,서울전체,"Python, 머신러닝, 빅데이터, 데이터분석가, 데이터엔지니어 외 등록일 22/10/17"
https://www.saramin.co.kr/zf_user/jobs/relay/view?isMypage=no&rec_idx=44860604,"SGS KOREA 연구개발부문 채용(설계, S/W, H/W, 공정, PLASMA)",경기화성시,"Python, C++, Windows, C#, C언어 외 수정일 23/01/17"
https://www.saramin.co.kr/zf_user/jobs/relay/view?isMypage=no&rec_idx=44664788,[경력무관] 금융 & 비금융 Data Scientist 최고의 인재 모십니다,서울종로구,"Python, 머신러닝, 빅데이터, 데이터분석가, 데이터마이닝 외 수정일 22/12/27"
https://www.saramin.co.kr/zf_user/jobs/relay/view?isMypage=no&rec_idx=44769276,[(주)비스텔리젼스] AI/빅데이터 - Data Scientist 연구개발,서울서초구,"Python, 머신러닝, 빅데이터, 데이터분석가, 데이터마이닝 외 등록일 23/01/03"
https://www.saramin.co.kr/zf_user/jobs/relay/view?isMypage=no&rec_idx=44599636,법무법인(유한) 대륜 경영관리팀 데이터 분석관리자 채용,부산해운대구,"Python, 빅데이터, 데이터분석가, 데이터시각화, 변호사 외 수정일 23/01/17"
https://www.saramin.co.kr/zf_user/jobs/relay/view?isMypage=no&rec_idx=44726572,"LAB543에서 데이터분석가를 모십니다 (신입,경력)",서울중구,"Python, 빅데이터, 데이터시각화, R, SQL 외 수정일 22/12/29"
https://www.saramin.co.kr/zf_user/jobs/relay/view?isMypage=no&rec_idx=44573082,IT개발·데이터 정규직 채용 - 신입/경력,서울강남구,"Python, Java, 웹개발, 백엔드/서버개발, 앱개발 외 수정일 23/01/13"
https://www.saramin.co.kr/zf_user/jobs/relay/view?isMypage=no&rec_idx=44838732,부산 최우수 스타트업 데이터 기획 및 분석가 (신입/경력) 채용,부산해운대구,"Python, AWS, 빅데이터, 데이터분석가, 데이터엔지니어 외 등록일 23/01/12"
https://www.saramin.co.kr/zf_user/jobs/relay/view?isMypage=no&rec_idx=44873203,젊고 트렌디한 IT개발팀에서 백엔드 개발자를 모집합니다,서울광진구,"Python, Java, AWS, 웹개발, 백엔드/서버개발 외 수정일 23/01/18"
https://www.saramin.co.kr/zf_user/jobs/relay/view?isMypage=no&rec_idx=44697123,인공지능/데이터분석 컨텐츠랩 연구원을 모집합니다.,서울동작구,"Python, 빅데이터, 데이터분석가, 데이터엔지니어, 데이터마이닝 외 수정일 23/01/11"
https://www.saramin.co.kr/zf_user/jobs/relay/view?isMypage=no&rec_idx=44734842,Sr. Design Methodology and CAD Engineer,미국캘리포니아주,"Python, 프론트엔드, Perl, Ruby, CAD 외 수정일 22/12/29"
https://www.saramin.co.kr/zf_user/jobs/relay/view?isMypage=no&rec_idx=44871464,"P열O정W좋E아R[AR, 메타버스]기획마케팅/3D/2D/unity개발/3D/HR",서울강남구,"Python, Java, C++, 웹개발, 백엔드/서버개발 외 수정일 23/01/18"
https://www.saramin.co.kr/zf_user/jobs/relay/view?isMypage=no&rec_idx=44879722,"솔루션 개발자(백엔드, 프론트엔드) 채용(신입)",서울강남구,"Python, Java, Linux, 백엔드/서버개발, 프론트엔드 외 등록일 23/01/19"
https://www.saramin.co.kr/zf_user/jobs/relay/view?isMypage=no&rec_idx=44738137,(주4일 재택/출근) IT 백엔드 서버 개발자 신입/경력,서울강남구,"Python, AWS, 백엔드/서버개발, 유지보수, API 외 수정일 22/12/31"
https://www.saramin.co.kr/zf_user/jobs/relay/view?isMypage=no&rec_idx=44691628,프론트엔드 개발자 신입 및 경력 사원 모집,서울송파구,"Python, Java, 백엔드/서버개발, 머신러닝, 빅데이터 외 수정일 22/12/22"
https://www.saramin.co.kr/zf_user/jobs/relay/view?isMypage=no&rec_idx=44880727,[서울소프트]2023년도 상반기 정기채용 공고,충북충주시,"Python, AWS, 웹개발, 백엔드/서버개발, 앱개발 외 수정일 23/01/19"
https://www.saramin.co.kr/zf_user/jobs/relay/view?isMypage=no&rec_idx=44816601,데이터분석 및 관리 채용 (정규직),서울송파구,"Python, 빅데이터, 데이터분석가, 통계/분석, 데이터분석 외 수정일 23/01/18"
https://www.saramin.co.kr/zf_user/jobs/relay/view?isMypage=no&rec_idx=44844880,[아프리카TV] 서버운영 및 모니터링 (Operation Engineer),서울서초구,"Python, Linux, 기술지원, 유지보수, SE(시스템엔지니어) 외 등록일 23/01/13"
https://www.saramin.co.kr/zf_user/jobs/relay/view?isMypage=no&rec_idx=44682655,바이브온에서 함께 일할 데이터 분석가 모집,서울마포구,"Python, 빅데이터, 데이터분석가, 데이터엔지니어, 데이터라벨링 외 수정일 22/12/22"
https://www.saramin.co.kr/zf_user/jobs/relay/view?isMypage=no&rec_idx=44854622,헥토 그룹 경력/신입 인재 영입,서울강남구,"Python, Java, C++, 웹개발, Linux 외 수정일 23/01/16"
https://www.saramin.co.kr/zf_user/jobs/relay/view?isMypage=no&rec_idx=44635492,2023년 상반기 SW개발자 모집 (프론트엔드/백엔드),경기성남시 분당구,"Python, 웹개발, 백엔드/서버개발, 프론트엔드, Android 외 수정일 22/12/14"
https://www.saramin.co.kr/zf_user/jobs/relay/view?isMypage=no&rec_idx=44832566,(주)디지털존 사업기획팀 개발자/기획자 분야별 모집,서울마포구,"Python, Java, 웹개발, Linux, 백엔드/서버개발 외 등록일 23/01/12"
https://www.saramin.co.kr/zf_user/jobs/relay/view?isMypage=no&rec_idx=44617178,[클라우드네트웍스] 클라우드시스템 엔지니어 모집 (신입/경력),서울강남구,"Python, C++, AWS, Linux, 빅데이터 외 수정일 23/01/10"
https://www.saramin.co.kr/zf_user/jobs/relay/view?isMypage=no&rec_idx=44844214,[본사/여의도/정규직] KoDATA솔루션 빅데이터 수집/가공/분석,서울영등포구,"Python, Java, 웹개발, 백엔드/서버개발, 머신러닝 외 수정일 23/01/18"
https://www.saramin.co.kr/zf_user/jobs/relay/view?isMypage=no&rec_idx=44854725,경력직 AI전문인력 채용,경기성남시 분당구,"Python, C++, 머신러닝, 빅데이터, 데이터분석가 외 수정일 23/01/16"
https://www.saramin.co.kr/zf_user/jobs/relay/view?isMypage=no&rec_idx=44841946,한국조명ICT연구원 직원 채용 공고,경기부천시 원미구,"Python, C++, ICT컨설팅, 정보통신, C# 외 수정일 23/01/14"
https://www.saramin.co.kr/zf_user/jobs/relay/view?isMypage=no&rec_idx=44843272,[본사(여의도)/IT 프로젝트 수행] 'KoDATA솔루션' 정규직 채용,서울영등포구,"Python, Java, AWS, 웹개발, 백엔드/서버개발 외 수정일 23/01/18"
https://www.saramin.co.kr/zf_user/jobs/relay/view?isMypage=no&rec_idx=44807305,[신사업부문] Data Analytics 데이터분석가,서울영등포구,"Python, 머신러닝, 빅데이터, 데이터분석가, 데이터엔지니어 외 수정일 23/01/09"
https://www.saramin.co.kr/zf_user/jobs/relay/view?isMypage=no&rec_idx=44634585,암빅데이터센터 빅데이터/인공지능 분석 연구원 모집,경기고양시 일산동구,"Python, 머신러닝, 빅데이터, 데이터분석가, 딥러닝 외 등록일 22/12/13"
https://www.saramin.co.kr/zf_user/jobs/relay/view?isMypage=no&rec_idx=44828184,암빅데이터센터 연구원 채용 (보건의료정보관리사),경기고양시 일산동구,"Python, 머신러닝, 빅데이터, 데이터분석가, 딥러닝 외 수정일 23/01/11"
https://www.saramin.co.kr/zf_user/jobs/relay/view?isMypage=no&rec_idx=44599105,2023년 상반기 반도체 장비사 이솔 부문별 경력사원 수시채용,경기화성시,"Python, C++, 알고리즘, C#, 설계엔지니어 외 수정일 23/01/08"
https://www.saramin.co.kr/zf_user/jobs/relay/view?isMypage=no&rec_idx=44868665,[(주)이볼루션] 신입/경력 채용 공고,서울영등포구,"Python, 데이터엔지니어, SE(시스템엔지니어), 기술영업, 온라인MD 외 등록일 23/01/17"
https://www.saramin.co.kr/zf_user/jobs/relay/view?isMypage=no&rec_idx=44884350,2023 상반기 경력·신입 채용,서울강남구,"Python, Java, C++, Linux, 백엔드/서버개발 외 수정일 23/01/20"
https://www.saramin.co.kr/zf_user/jobs/relay/view?isMypage=no&rec_idx=43982553,[미리디] Jr. 백엔드 개발자 - 이미지 프로세싱,서울전체,"Python, Java, AWS, 웹개발, Linux 외 수정일 22/10/05"
https://www.saramin.co.kr/zf_user/jobs/relay/view?isMypage=no&rec_idx=44769348,백엔드/프론트엔드 개발자 채용 (신입/경력),서울강남구,"Python, C++, 백엔드/서버개발, 프론트엔드, 풀스택 외 수정일 23/01/03"
https://www.saramin.co.kr/zf_user/jobs/relay/view?isMypage=no&rec_idx=44812596,2023년 상반기 경력직 모집,경기성남시 수정구,"Python, Java, C++, Linux, 머신러닝 외 수정일 23/01/19"
https://www.saramin.co.kr/zf_user/jobs/relay/view?isMypage=no&rec_idx=44887841,㈜넷맨 연구소 신입/경력 공개채용,서울금천구,"Python, Java, C++, 웹개발, Linux 외 수정일 23/01/20"
https://www.saramin.co.kr/zf_user/jobs/relay/view?isMypage=no&rec_idx=44763583,[Salesforce/서울] 2023년 개발자 공개채용 (신입ㆍ경력),서울마포구,"Python, Java, C++, 웹개발, 백엔드/서버개발 외 등록일 23/01/03"
https://www.saramin.co.kr/zf_user/jobs/relay/view?isMypage=no&rec_idx=44533983,[케빈랩] 각 부문 신입 및 경력 채용,경기안양시 만안구,"Python, AWS, Linux, 머신러닝, 클라우드 외 수정일 22/12/13"
https://www.saramin.co.kr/zf_user/jobs/relay/view?isMypage=no&rec_idx=39659240,[국비지원 취업] 자바 웹개발/빅데이터/웹디자인/영상/건축,서울전체,"Python, Java, C++, AWS, 웹개발 외 수정일 23/01/13"
https://www.saramin.co.kr/zf_user/jobs/relay/view?isMypage=no&rec_idx=44708782,상품 데이터 분석 및 기준 정보 관리자,서울마포구,"Python, 머신러닝, 빅데이터, 데이터마이닝, HMI 외 수정일 22/12/26"
https://www.saramin.co.kr/zf_user/jobs/relay/view?isMypage=no&rec_idx=44499732,웹개발자 채용,서울전체,"Python, 웹개발, Linux, 백엔드/서버개발, 퍼블리셔 외 수정일 22/11/24"
https://www.saramin.co.kr/zf_user/jobs/relay/view?isMypage=no&rec_idx=44039792,2023년 상반기 부문별 인재영입(경력),서울강남구,"Python, AWS, MySQL, R, 감사 외 수정일 23/01/13"
https://www.saramin.co.kr/zf_user/jobs/relay/view?isMypage=no&rec_idx=44760949,[뉴로메카] 로보틱스부문 연구개발부 인력 채용,대전유성구,"Python, C++, Linux, 프론트엔드, Unity 외 등록일 23/01/03"
https://www.saramin.co.kr/zf_user/jobs/relay/view?isMypage=no&rec_idx=44697682,타이아 주식회사 테크놀로지센터 (광주) 각 부문 채용 공고,광주광산구,"Python, Java, C++, 웹개발, Linux 외 수정일 23/01/11"
https://www.saramin.co.kr/zf_user/jobs/relay/view?isMypage=no&rec_idx=44860940,AWS re/Start 교육생 1기 모집,서울강남구,"Python, Java, AWS, Linux, 머신러닝 외 수정일 23/01/18"
https://www.saramin.co.kr/zf_user/jobs/relay/view?isMypage=no&rec_idx=44819996,[뉴로메카] 기술사업부문 시스템개발부 인력 채용,경북포항시 북구,"Python, 로봇엔지니어, 로봇설계, 기계조작원, 기술엔지니어 외 등록일 23/01/10"
https://www.saramin.co.kr/zf_user/jobs/relay/view?isMypage=no&rec_idx=44595327,대구본부 연구소 연구원 채용(신입/경력/전문연구요원),대구수성구,"Python, C++, 웹개발, 백엔드/서버개발, 빅데이터 외 수정일 23/01/10"
https://www.saramin.co.kr/zf_user/jobs/relay/view?isMypage=no&rec_idx=44755287,[사람인] Business Analyst 채용,서울구로구,"Python, 빅데이터, 데이터분석가, 데이터시각화, 경영기획 외 수정일 23/01/02"
https://www.saramin.co.kr/zf_user/jobs/relay/view?isMypage=no&rec_idx=44773553,[6개월 / 정규직 전환 가능] 개발자 인턴십 채용,서울강남구,"Python, Java, C++, AWS, 웹개발 외 수정일 23/01/20"
https://www.saramin.co.kr/zf_user/jobs/relay/view?isMypage=no&rec_idx=44853557,IT개발 및 운영 정규직 채용 [신입/경력],서울구로구,"Python, Java, C++, 웹개발, Linux 외 등록일 23/01/16"
https://www.saramin.co.kr/zf_user/jobs/relay/view?isMypage=no&rec_idx=44656356,"[NDsoft]부문별 모집(번역,데이터마이닝,빅데이터)",서울강남구,"Python, Java, Linux, 백엔드/서버개발, 머신러닝 외 등록일 22/12/16"
https://www.saramin.co.kr/zf_user/jobs/relay/view?isMypage=no&rec_idx=44659051,[패스오더] 급성장중인 스타트업 '데이터 엔지니어' 채용,부산부산진구,"Python, 웹개발, 백엔드/서버개발, 머신러닝, 빅데이터 외 수정일 23/01/19"
https://www.saramin.co.kr/zf_user/jobs/relay/view?isMypage=no&rec_idx=44862942,(주)위즈코리아 23년도 상반기 직무별 신입/경력자 정기채용,서울강서구,"Python, Java, C++, 웹개발, Linux 외 등록일 23/01/17"
https://www.saramin.co.kr/zf_user/jobs/relay/view?isMypage=no&rec_idx=44780307,데이터분석 및 지표설계 경력사원 모집,서울강남구,"Python, 빅데이터, 기술지원, 데이터분석가, 데이터엔지니어 외 수정일 23/01/06"
https://www.saramin.co.kr/zf_user/jobs/relay/view?isMypage=no&rec_idx=44683843,[백엔드/프론트엔드] IT 솔루션 개발자 정규직 채용 (경력&신입),서울강남구,"Python, Java, 웹개발, 백엔드/서버개발, 클라우드 외 등록일 22/12/21"
https://www.saramin.co.kr/zf_user/jobs/relay/view?isMypage=no&rec_idx=44659085,[패스오더] 급성장중인 스타트업 'Back-End 개발자' 채용,서울강남구,"Python, Java, AWS, 웹개발, 백엔드/서버개발 외 수정일 23/01/19"
https://www.saramin.co.kr/zf_user/jobs/relay/view?isMypage=no&rec_idx=44827139,[병역특례가능] 개발자(AI/FHE/SOC 등) 모집,경기성남시 수정구,"Python, C++, Linux, 머신러닝, 보안컨설팅 외 수정일 23/01/13"
https://www.saramin.co.kr/zf_user/jobs/relay/view?isMypage=no&rec_idx=44893991,"초거대생성 AI기반 스토리 보조작가, 이미지 보조작가 플랫폼 개",서울종로구,"Python, AWS, 머신러닝, 빅데이터, 딥러닝 외 등록일 23/01/23"
https://www.saramin.co.kr/zf_user/jobs/relay/view?isMypage=no&rec_idx=44659042,[패스오더] 급성장중인 스타트업 '그로스 마케터' 채용,부산부산진구,"Python, 빅데이터, 데이터분석가, 데이터엔지니어, 데이터라벨링 외 수정일 23/01/19"
https://www.saramin.co.kr/zf_user/jobs/relay/view?isMypage=no&rec_idx=44805495,2023 엔젤로보틱스 각 분야 채용 (전문연구요원 포함),서울성동구,"Python, Java, C++, AWS, Linux 외 수정일 23/01/09"
https://www.saramin.co.kr/zf_user/jobs/relay/view?isMypage=no&rec_idx=44813158,이브이알스튜디오 VFX본부 전체 분야 채용,서울강남구,"Python, C++, Linux, 기술지원, API 외 수정일 23/01/17"
https://www.saramin.co.kr/zf_user/jobs/relay/view?isMypage=no&rec_idx=44865989,"데이터분석(이미지 및 영상 데이터 분석가, Data Scientist)",서울전체,"Python, 머신러닝, 빅데이터, 데이터분석가, SE(시스템엔지니어) 외 수정일 23/01/17"
https://www.saramin.co.kr/zf_user/jobs/relay/view?isMypage=no&rec_idx=44865411,SW개발(웹개발자),서울전체,"Python, 웹개발, 백엔드/서버개발, 빅데이터, 프론트엔드 외 수정일 23/01/17"
https://www.saramin.co.kr/zf_user/jobs/relay/view?isMypage=no&rec_idx=44874048,[에이피알] IT본부 각 부문별 사원 모집,서울송파구,"Python, Java, C++, AWS, Linux 외 등록일 23/01/18"
https://www.saramin.co.kr/zf_user/jobs/relay/view?isMypage=no&rec_idx=44865957,"데이터분석(시계열 데이터 분석, Data Scientist)",서울전체,"Python, 머신러닝, 빅데이터, 데이터분석가, 데이터마이닝 외 수정일 23/01/17"
https://www.saramin.co.kr/zf_user/jobs/relay/view?isMypage=no&rec_idx=44888145,[입사축하금 150만 지급](주)버블콘 개발자 채용,서울구로구,"Python, Java, AWS, Linux, 백엔드/서버개발 외 수정일 23/01/20"
https://www.saramin.co.kr/zf_user/jobs/relay/view?isMypage=no&rec_idx=44656365,"[NDsoft]부문별 모집(앱개발,Server,Web,네트워크,AI,DB,System)",서울강남구,"Python, Java, Linux, 백엔드/서버개발, 머신러닝 외 등록일 22/12/16"
https://www.saramin.co.kr/zf_user/jobs/relay/view?isMypage=no&rec_idx=44656368,"[NDsoft]부문별모집(앱개발,Server,Web,네트워크,DB,AI,System)",부산해운대구,"Python, Java, Linux, 백엔드/서버개발, 머신러닝 외 등록일 22/12/16"
https://www.saramin.co.kr/zf_user/jobs/relay/view?isMypage=no&rec_idx=44878983,데이터 분석 신입/경력 모집,서울서대문구,"Python, 빅데이터, 데이터분석가, 데이터엔지니어, 데이터마이닝 외 수정일 23/01/19"
https://www.saramin.co.kr/zf_user/jobs/relay/view?isMypage=no&rec_idx=44521055,백앤드 개발자 (Python) 모집 (신입/경력),서울강남구,"Python, 백엔드/서버개발, 빅데이터, 솔루션, S/W 외 수정일 22/12/27"
https://www.saramin.co.kr/zf_user/jobs/relay/view?isMypage=no&rec_idx=44828760,"[BD Korea] Data Analyst (신입가능, SQL, Python, BI)",서울강남구,"Python, 데이터분석가, 데이터엔지니어, 데이터시각화, RPA 외 등록일 23/01/11"
https://www.saramin.co.kr/zf_user/jobs/relay/view?isMypage=no&rec_idx=44760761,[채용] C# S/W 개발자 or Python 응용 S/W 개발(사원주임대리과,서울금천구,"Python, Java, C++, C#, SQL 외 등록일 23/01/03"
https://www.saramin.co.kr/zf_user/jobs/relay/view?isMypage=no&rec_idx=44573916,[에이피알] 데이터 사이언티스트 채용(Python),서울전체,"Python, AWS, 웹개발, Linux, 백엔드/서버개발 외 수정일 22/12/05"
https://www.saramin.co.kr/zf_user/jobs/relay/view?isMypage=no&rec_idx=44820938,"백엔드 서버개발자 정규직 채용 ( MySQL , C언어 , Python )",서울송파구,"Python, 백엔드/서버개발, C언어, MySQL, IT·통신기기판매 수정일 23/01/10"
https://www.saramin.co.kr/zf_user/jobs/relay/view?isMypage=no&rec_idx=44831377,Java Spring 또는 Python 백엔드 개발자,서울강남구,"Python, Java, 웹개발, 백엔드/서버개발, 데이터엔지니어 외 수정일 23/01/12"
https://www.saramin.co.kr/zf_user/jobs/relay/view?isMypage=no&rec_idx=44637901,Python 개발자 (ML/DL 개발) 채용,서울서초구,"Python, 머신러닝, 빅데이터, 데이터분석가, 데이터엔지니어 외 수정일 23/01/23"
https://www.saramin.co.kr/zf_user/jobs/relay/view?isMypage=no&rec_idx=44797180,[포그리트] Backend (Python) 개발자 채용,경기성남시 분당구,"Python, AWS, Linux, 백엔드/서버개발, 빅데이터 외 수정일 23/01/06"
https://www.saramin.co.kr/zf_user/jobs/relay/view?isMypage=no&rec_idx=44512973,"Python/C++/C#/Unity-AI, Vision, 3D카메라[전문연가능]",대전유성구,"Python, Java, C++, Linux, 알고리즘 외 등록일 22/11/25"
https://www.saramin.co.kr/zf_user/jobs/relay/view?isMypage=no&rec_idx=44778122,[NHN DATA] 백엔드 개발자(Python) 경력 채용,경기전체,"Python, AWS, 웹개발, 백엔드/서버개발, 프론트엔드 외 등록일 23/01/04"
https://www.saramin.co.kr/zf_user/jobs/relay/view?isMypage=no&rec_idx=44760470,"C#, Python, JAVA 소프트웨어 개발자 채용 (신입/경력)",경기용인시 기흥구,"Python, Java, C++, Linux, RDBMS 외 등록일 23/01/02"
https://www.saramin.co.kr/zf_user/jobs/relay/view?isMypage=no&rec_idx=41068534,"[패스오더] 백엔드 개발자 (Spring, Python, MSA)",서울전체,"Python, Java, AWS, 웹개발, 백엔드/서버개발 외 수정일 23/01/12"
https://www.saramin.co.kr/zf_user/jobs/relay/view?isMypage=no&rec_idx=44124843,시니어 백엔드 개발자 (Python Django),서울전체,"Python, AWS, 웹개발, 백엔드/서버개발, 프론트엔드 외 수정일 22/10/19"
https://www.saramin.co.kr/zf_user/jobs/relay/view?isMypage=no&rec_idx=44868143,"IT개발·데이터(웹개발, Java, Python 외 2개 부문) 채용",대구수성구,"Python, Java, C++, 웹개발, 백엔드/서버개발 외 등록일 23/01/17"
https://www.saramin.co.kr/zf_user/jobs/relay/view?isMypage=no&rec_idx=44551083,(공덕) XX증권 빌드시스템 개발 Python / Bash / Perl,서울마포구,"Python, Linux, 스크립트, Docker, Git 외 수정일 23/01/17"
https://www.saramin.co.kr/zf_user/jobs/relay/view?isMypage=no&rec_idx=43532911,[웨이브릿지] Back End(Python) 개발자,서울전체,"Python, AWS, 웹개발, Linux, 백엔드/서버개발 외 수정일 23/01/17"
https://www.saramin.co.kr/zf_user/jobs/relay/view?isMypage=no&rec_idx=44883884,파이썬 백엔드 개발자(Python Backend Engineer) 채용 件,경기수원시 영통구,"Python, Java, 백엔드/서버개발, OracleDB, Pandas 외 수정일 23/01/19"
https://www.saramin.co.kr/zf_user/jobs/relay/view?isMypage=no&rec_idx=44841647,[주4.5일] Python 개발직무 경력 채용,서울구로구,"Python, Java, 백엔드/서버개발, 머신러닝, 빅데이터 외 등록일 23/01/13"
https://www.saramin.co.kr/zf_user/jobs/relay/view?isMypage=no&rec_idx=44624569,(여의도) xx은행 부동산 데이타허브 운영 (Python),서울마포구,"Python, 소프트웨어개발 수정일 23/01/19"
https://www.saramin.co.kr/zf_user/jobs/relay/view?isMypage=no&rec_idx=44783926,"[전문연구요원 가능] C/C++, Python 로봇 제어 개발자",서울종로구,"Python, C++, S/W, C언어, 제약/바이오 외 등록일 23/01/05"
https://www.saramin.co.kr/zf_user/jobs/relay/view?isMypage=no&rec_idx=44512649,"개발자 모집 : Python (머신러닝, 데이터분석)",부산해운대구,"Python, Linux, 머신러닝, 빅데이터, 딥러닝 외 수정일 22/12/26"
https://www.saramin.co.kr/zf_user/jobs/relay/view?isMypage=no&rec_idx=44611425,[R&D] 백엔드(python / node.js),서울전체,"Python, AWS, 웹개발, 백엔드/서버개발, 클라우드 외 수정일 22/12/09"
https://www.saramin.co.kr/zf_user/jobs/relay/view?isMypage=no&rec_idx=44780103,IT개발·데이터(Python/Linux) 채용,경기시흥시,"Python, Linux, 소프트웨어개발 등록일 23/01/04"
https://www.saramin.co.kr/zf_user/jobs/relay/view?isMypage=no&rec_idx=44611820,Java/JSP/Python/빅데이터/AI 분야 신입~경력직 채용,서울송파구,"Python, Java, 웹개발, 머신러닝, 빅데이터 외 등록일 22/12/09"
https://www.saramin.co.kr/zf_user/jobs/relay/view?isMypage=no&rec_idx=44882415,"Web, 응용, AI 개발(C#, JAVA,Python), PM, 기획, 컨설팅, 제안",충북청주시 흥덕구,"Python, Java, C++, 웹개발, .NET 외 수정일 23/01/19"
https://www.saramin.co.kr/zf_user/jobs/relay/view?isMypage=no&rec_idx=44871811,"IT개발·데이터(Javascript, Python 외 5개 부문) 채용합니다",서울양천구,"Python, Javascript, MySQL, OracleDB, PostgreSQL 외 등록일 23/01/18"
https://www.saramin.co.kr/zf_user/jobs/relay/view?isMypage=no&rec_idx=44872073,"[신입] 온라인 광고 플랫폼 개발 (Python, PHP)",서울중구,"Python, 웹개발, 백엔드/서버개발, S/W, PHP 외 수정일 23/01/20"
https://www.saramin.co.kr/zf_user/jobs/relay/view?isMypage=no&rec_idx=44728608,REACT · PHP · PYTHON 개발자 채용,서울영등포구,"Python, AWS, 웹개발, 백엔드/서버개발, 머신러닝 외 수정일 23/01/19"
https://www.saramin.co.kr/zf_user/jobs/relay/view?isMypage=no&rec_idx=44607823,"[정규직] JAVA, Python, 웹 프로그램 개발자 모집",경남양산시,"Python, Java, 웹개발, Ajax, HTML 외 등록일 22/12/09"
https://www.saramin.co.kr/zf_user/jobs/relay/view?isMypage=no&rec_idx=42358916,"[패스오더] 백엔드 개발자 (Spring, Python, MSA) (병역특례/산업기능요원/보충역/전직)",서울전체,"Python, Java, AWS, 웹개발, 백엔드/서버개발 외 수정일 23/01/04"
https://www.saramin.co.kr/zf_user/jobs/relay/view?isMypage=no&rec_idx=44849691,소프트웨어 개발 (python) 신입 및 경력 모집,서울강남구,"Python, Java, 웹개발, 앱개발, HTML 외 수정일 23/01/19"
https://www.saramin.co.kr/zf_user/jobs/relay/view?isMypage=no&rec_idx=44570033,"[경력&신입] 빅데이터 솔루션 개발-Python,Java(정규직) 채용",대전유성구,"Python, Java, 웹개발, Linux, 백엔드/서버개발 외 수정일 22/12/05"
https://www.saramin.co.kr/zf_user/jobs/relay/view?isMypage=no&rec_idx=44187454,"[아이티존]Python/Java-빅데이터솔루션개발(정규직,대전)",대전전체,"Python, Java, 웹개발, 백엔드/서버개발, 머신러닝 외 수정일 22/10/12"
https://www.saramin.co.kr/zf_user/jobs/relay/view?isMypage=no&rec_idx=44649011,파이썬 백엔드 개발자 (Python Backend Engineer),서울영등포구,"Python, Linux, 백엔드/서버개발, 기술지원, 데이터분석가 외 등록일 22/12/15"
https://www.saramin.co.kr/zf_user/jobs/relay/view?isMypage=no&rec_idx=44893332,"[양재역] 데이터분석(석박사,R,Python,Matla",서울서초구,"Python, 머신러닝, 빅데이터, 데이터분석가, AI(인공지능) 외 등록일 23/01/22"
https://www.saramin.co.kr/zf_user/jobs/relay/view?isMypage=no&rec_idx=44715330,(주)바이오커넥트 - 영상처리 알고리즘 개발(Python 및 딥러닝),서울서초구,"Python, 딥러닝, OpenCV, 알고리즘, 영상처리 외 등록일 22/12/26"
https://www.saramin.co.kr/zf_user/jobs/relay/view?isMypage=no&rec_idx=44621111,[코딩코리아] (JAVA / Spring / Django / python) 개발자 채용,부산금정구,"Python, Java, Django, MySQL, Spring 외 수정일 23/01/02"
https://www.saramin.co.kr/zf_user/jobs/relay/view?isMypage=no&rec_idx=43770422,[글로벌디지털마케팅] Python Backend Engineer 모집,서울전체,"Python, 웹개발, 백엔드/서버개발, 프론트엔드, Django 외 수정일 22/11/08"
https://www.saramin.co.kr/zf_user/jobs/relay/view?isMypage=no&rec_idx=44573247,python 시스템 개발 모집,서울강남구,"Python, 빅데이터, 솔루션, 악성코드, 보안 외 수정일 22/12/05"
https://www.saramin.co.kr/zf_user/jobs/relay/view?isMypage=no&rec_idx=44835850,[정규직] 2022년 상반기 Java/Python 신입 개발자를 모집합니다.,서울중구,"Python, Java, Linux, SI·시스템통합, DW 외 수정일 23/01/12"
